row_id,내용,상세내용,주장/검증 매체,label
0,한국에서는 팁 문화가 불법이다,"['도입', '서비스', '업계', '한국', '부과', '게시', '운송', '온라인', '택시', '문화', '실제', '요금', '법률', '판결', '불법', '경우', '확인', '카카오', '사업', '발전', '커뮤니티', '지불', '변호사', '규제']",온라인 커뮤니티 게시물,0
1,7만 원짜리 잼버리 텐트를 25만 원에 납품했다,"['세계', '비교', '위원회', '제공', '회사', '예산', '인용', '조직', '제작', '이상', '대표', '인터넷', '가격', '실제', '일부', '의혹']",인터넷 커뮤니티,0
2,직원 16만명인데 임원 14만명 새마을금고 조직구조 희한하다,"['비교', '직원', '기사', '사태', '한국', '독립', '조직', '보도', '부실', '지역', '비율', '금융', '구조', '법인', '절반', '왜곡']",언론보도,0
3,국내에서 포집한 이산화탄소를 해외 저장소에 저장할 수 있다,"['용량', '자원부', '거리', '확보', '비용', '산업', '녹색', '성장', '저장', '시작', '수소', '추가', '실제', '해외', '발표', '정부', '중립', '통상', '계획', '연간', '배출', '국내', '생산', '탄소', '이산화탄소', '호주']",2050탄소중립녹색성장위원회,0
4,저출산이 GDP 순위 하락 요인이다,"['설명', '문제', '한국', '개혁', '한국은행', '산업', '분석', '라며', '경쟁력', '명목', '둔화', '회의', '시장', '적용', '하락', '순위', '원인', '연구원', '지난해', '환율']",이창용,1
5,지구 평균기온 오르면 세계경제 성장률 내려간다,"['전국', '세계', '지난달', '한국', '상승', '전력', '기후', '지역', '생산', '가격', '성장', '폭염']",언론사 자체 문제 제기,1
6,한국에서는 팁 문화가 불법이다,"['인터뷰', '한국', '상황', '일반', '일본', '교수', '의원', '활동', '정부', '발전소', '원전', '처리', '물질', '보도']",온라인 커뮤니티 게시물,0
7,아일랜드가 법인세 인하로 유럽 최빈국에서 최고 부자 국가가 됐다,"['세계', '추이', '법인세', '국가', '인터뷰', '논문', '연도', '최고', '대표', '성장']",김기현,0
8,외국인 건강보험에 상호주의 적용할 수 있다,"['한국', '건강', '현황', '대표', '외국인', '중국', '주의', '논문', '사회보장', '국회', '국민', '적용', '발언', '국가', '양자', '보험', '제도', '방식', '원칙', '자료', '우리나라', '독일']",김기현,0
9,불황에 복권 판매 증가한다,"['위원회', '기록', '추이', '우리나라', '매출', '연구', '경기', '상품', '감소', '대비', '판매', '확인', '시기', '증가', '경제성장률']",다수 언론보도,0
10,주가 폭락 사태는 공매도 세력 탓이다,"['비중', '공매도', '해당', '투자자', '사태', '주가', '증권', '폭락', '지수', '종목', '코스피', '대표', '이득', '허용', '거래']",라덕연,0
11,해외 선진국이 외국인 최저임금을 내국인과 달리 책정하고 있다,"['보고서', '인터뷰', '한국', '차별', '차등', '인력', '외국인', '발의', '노동자', '최저임금법', '지급', '최저임금', '주요', '해외', '확인', '판례', '의원', '선진국', '개정안', '사례']",언론사 자체 문제제기,0
12,토지거래허가제는 재산권 침해다,"['댓글', '보장', '허가', '소유자', '판단', '주민', '투기', '전문가', '토지', '지역', '서울시', '지정', '거래', '연장', '침해', '결정', '매매', '제도']",언론보도 내 댓글,0
13,외국인 노동자 없이는 뿌리산업을 지탱하기 어렵다,"['보고서', '인터뷰', '인력', '산업', '외국인', '조사', '노동자', '고용', '지원', '외국', '정책', '노동', '기업', '국가', '현장', '확인', '정부', '제조업', '사업', '센터', '종사', '연구원']",언론사 자체 문제 제기,1
14,국회 표결을 앞둔 노란봉투법에는 문재인 정부도 반대했던 내용이 포함되어 있다,"['위원회', '해당', '문제', '발의', '일부', '우려', '포함', '통과', '제한', '손해배상', '국회', '회의', '문재인', '청구', '노동', '발언', '내용', '법률', '차관', '정부', '논의', '고용노동부', '당시', '원칙', '병원', '의원', '법안', '노조']",언론사 자체 문제제기,0
15,한국의 불공정거래 행위주가조작 등에 대한 제재 수준은 금융선진국과 비교했을 때 미흡하다,"['위원회', '법원', '가운데', '행위', '금융', '양형', '거래', '자본시장', '해외', '수준', '경우', '절반', '범죄', '제재', '사건', '증권', '대법원', '기소', '개정안']",언론사 자체 문제제기,1
16,문재인 정부 임대차 3법이 전세 사기 원인이다,"['전세', '셋값', '피해', '일보', '지원', '이전', '갱신', '임대차', '국민', '문재인', '시장', '부동산', '정책', '국토교통부', '의장', '조선일보', '임대', '보증금', '중앙', '정부', '계약', '보장', '원인', '시행', '장관', '임차', '집값', '부터', '의원', '차법', '전월세']",국민의힘,0
17,원전 오염수를 방류하기 시작하면 우리 국민의 먹거리 안전이 위험해진다,"['탱크', '보고서', '한국', '원전', '원자력', '전체', '저장', '우려', '국제', '영향', '민주당', '국민', '제기', '수산물', '수준', '일본', '안전', '정부', '계획', '국내']",더불어민주당 후쿠시마오염수방출저지대응단 & 윤재갑,0
18,가루쌀은 겉은 쌀인데 밀과 똑같다,"['인터뷰', '대책', '재배', '비용', '개발', '구조', '산업', '활용', '대체', '비량', '발언', '수급', '정부', '공급', '장관', '일반', '안정', '연간', '식품', '통계청', '수입', '국내', '농식품부']",정황근,0
19,외국인 노동자가 내국인 일자리를 빼앗고 있다,"['협회', '보고서', '사람', '건강', '결과', '조사', '연관', '논문', '평균', '이상', '하루', '사망', '효과', '발표', '경우', '교수', '뉴스', '보도', '정도', '연구', '공공', '위험']",언론사 자체 문제 제기,0
20,한국의 예금자 보호 정도는 해외 주요국과 비교했을때 미흡하다,"['비교', '한도', '위기', '한국', '회사', '관련', '파산', '상품', '공사', '보증', '캡처', '규모', '금융', '대상', '영국', '기준', '고객', '보호', '국가', '보험', '주요', '해외', '수준', '대비', '제도', '은행', '보장', '상황', '금액', '국내']",언론사 자체 문제제기,1
21,주 69시간 근로시간제도 개편 2030 청년층은 좋아한다,"['관련', '전경련', '대통령', '근로시간', '반대', '개편', '세대', '의견', '근로', '국민', '정책', '청년', '의장', '내용', '확대', '최대', '정부', '제도', '입장', '권리', '검토', '노조']",성일종,0
22,지하철 노령층 무임승차로 서울교통공사 재정 적자가 가중되고 있다,"['적자', '교통', '결과', '공사', '분석', '도시', '전국', '노인', '서울', '인구', '재정', '민주당', '이상', '오세훈', '시장', '정책', '요금', '발언', '국가', '부담', '서울시장', '가중', '운영', '자료', '손실', '의원', '기관', '증가']",오세훈,1
23,노조가 정부 보조금 사용 내역 공개를 거부했다,"['원금', '조합원', '정부', '국민', '노동조합', '사용', '문제', '발언', '자료', '공개', '지원', '보조금', '대통령', '제출', '윤석열', '노조', '지자체', '거부']",윤석열,0
24,윤석열 대통령이 자동차세 연납 할인 혜택 축소했다,"['인터뷰', '축소', '제외', '대통령', '윤석열', '금리', '신설', '실제', '올해', '세법', '정부', '제도', '당시', '할인', '시행', '부터', '시민', '혜택', '지자체']",인터넷 커뮤니티,0
25,서울시 택시비 인상 따른 교통비 문제 대안 마련했다,"['시간', '인터뷰', '교통', '거리', '결과', '할증', '연장', '분석', '소득', '마련', '운송', '택시', '서울시', '정책', '지출', '요금', '버스', '야간', '부담', '대비', '운행', '기존', '서민', '운영', '사업', '인상', '이용', '상황', '가계', '공공', '통계청', '부터', '시민', '증가', '지난해', '노선']",언론사 자체 문제 제기,1
26,번개탄 생산 금지는 자살 예방 대책이다,"['처럼', '금지', '관련', '대책', '개발', '강화', '보건복지부', '포함', '사용', '기준', '관리', '기본', '내용', '발표', '판매', '정부', '보도', '수단', '자료', '계획', '논란', '생산']",보건복지부,0
27,우크라 전쟁 1주년민간인 공격 안한다는 푸틴 약속 지켜졌나,"['당시', '공식', '해당', '센터', '보도', '대통령', '지역', '쇼핑', '최소', '지난해', '러시아']",블라디미르 푸틴,0
28,5인 미만 사업장 근로기준법 적용으로 소상공입 폐업으로 내몰린다,"['인터뷰', '수당', '폐업', '영상', '추진', '대통령', '연장', '미만', '이유', '업무', '이하', '지급', '제한', '업자', '근로', '국민', '적용', '코로나', '구제', '신청', '야간', '직원', '규정', '휴일', '확대', '정부', '사업', '커뮤니티', '계획', '자영']",언론보도 및 인터넷 커뮤니티,1
29,남는 쌀 정부 매입 의무화하면 쌀값 떨어진다,"['도입', '보고서', '인터뷰', '개정안', '재배', '성과', '분석', '개정', '소득', '폭락', '재정', '비량', '국회', '시장', '관리', '정책', '의무', '면적', '단체', '부담', '수급', '보전', '확대', '정부', '농가', '제도', '손실', '안정', '연간', '생산', '가격', '농식품부']",정황근,0
30,1만 원권과 5만 원권 사이 지폐로는 3만 원권이 적합하다,"['도입', '세계', '설명', '사용', '자신', '한국', '내용', '한국은행', '체계', '발행', '화폐', '의원', '단위', '국민', '페이스북', '나라']",하태경,0
31,원희룡 국토교통부 장관의 규제를 푼다고 주택 가격이 오르지 않을 것이란 발언,"['주택', '결과', '상승', '지역', '강화', '분석', '매매', '영향', '금리', '제한', '전문가', '변동', '택시', '분양', '부동산', '아파트', '관계', '발언', '완화', '상한', '정부', '자료', '통화', '대출', '우리나라', '장관', '연구', '상황', '특성', '연구원', '규제', '가격']",원희룡,0
32,한정판 자동차 사고로 인한 가치하락 보상 시 희소가치는 인정되지 않는다,"['하락', '가치', '사고', '모델', '자동차', '표준', '관련', '기준', '규정', '보험료', '보험', '내용', '차이', '존재', '규모', '손해', '경우', '차량']",언론사 자체 문제 제기,1
33,빌라왕 급사 전세금 다 돌려받을 방법 있다,"['주택', '심사', '전세', '사람', '법원', '결과', '보증', '공사', '피해', '보유', '재산', '가입자', '시작', '기간', '소유', '업자', '임대차', '진행', '청구', '부동산', '사망', '세금', '절차', '보증금', '보험', '임대', '입자', '조항', '경우', '정부', '계약', '임차', '집주인', '상속']",언론사 자체 문제제기,0
34,국내 전기차 보조금 테슬라가 싹쓸이했다,"['비중', '전기차', '자료', '감축', '국적', '상반기', '지급', '제공', '보조금', '현황', '차별', '보도', '환경부', '전기', '국내', '언론', '팩트', '정책']",언론보도,0
35,안전운임제 적용 이후 화물차 교통사고가 줄어들었다,"['효과', '사고', '시행', '한국', '교통', '결과', '영향', '적용', '감소', '부터', '연구원', '안전', '확인', '이후', '정부', '분석', '제도']",언론사 자체 문제제기,0
36,각 분야 유명 스타트업이 흔들리고 있다,"['매각', '경영', '운영', '기업', '사업', '글로벌', '서비스', '인상', '투자', '금리', '국내', '플랫폼', '수익']",언론사 자체 문제제기,1
37,유럽 선진국에서도 파업 손해배상 청구가 가능하다,"['경영', '파업', '노동조합', '판례', '국가', '규정', '유럽', '행위', '손해배상', '불법', '프랑스', '손해', '경우', '쟁의', '청구', '독일', '영국']",한국경영자총협회,0
38,전기차는 화재에 취약하다,"['안전성', '결과', '확보', '요인', '전기차', '자동차', '기준', '실제', '관리', '올해', '국토교통부', '소비자', '발생', '안전', '확인', '정부', '기존', '통계', '시험', '원인', '위험', '차량', '증가']","SNS, 온라인 커뮤니티, 다수 언론의 보도",0
39,식품 겉면 판매 1위 하고 싶다 문구는 표시광고법 위반이다,"['소비자', '해당', '판단', '광고', '인증', '표시', '실제', '식약처', '전문가', '표현', '식품', '판매', '경우', '자유', '위반']",식품 겉면에 표기된 '1위 하고싶다'는 문구,0
40,EU의 역외 보조금 규제 도입으로 인해 해외진출 기업의 부담 커진다,"['협회', '동향', '한국', '관련', '회장', '추진', '제출', '보도자료', '조사', '주의', '무역', '방안', '법인', '시장', '기업', '공동', '조달', '부담', '내용', '주요', '해외', '유럽', '정부', '경쟁', '수출', '투자', '입장', '보조금', '변호사', '법안', '규제', '대응', '최근', '당국']",대한상공회의소,1
41,냉동식품 분할을 위해 일시적 해동 후 재냉동이 된 식품은 안전하다,"['인터뷰', '식약처', '개정', '우려', '라며', '서울', '기준', '국민', '관리', '소비자', '일시', '발생', '판매', '경우', '허용', '목적', '지난달', '일반', '식품', '이번', '생산', '원료', '개정안']",언론사 자체 문제 제기,1
42,재건축부담금 낮춰도 재건축 사업 활성화하기 어렵다,"['도입', '개선', '주택', '조정', '지적', '대책', '상승', '환수', '투기', '대상', '부과', '초과', '구간', '유예', '방안', '사회', '시장', '부동산', '국토교통부', '부담', '발표', '현행', '법률', '확대', '이후', '정부', '공급', '서민', '제도', '사업', '당시', '이익', '안정', '금액', '집값', '재건축', '현실', '부터', '핵심']",언론사 자체 문제 제기,1
43,전세가율은 깡통전세의 판단기준이다,"['설명', '주택', '전세', '여부', '의미', '피해', '매매', '비중', '판단', '기준', '실제', '부동산', '가능성', '보증금', '주요', '입자', '경우', '차지', '정보', '연구원', '집주인', '가격']",언론사 자체 문제 제기,1
44,한국 메모리 반도체 세계 1위는 착시현상이다,"['세계', '보고서', '반도체', '글로벌', '시스템', '경쟁력', '주요', '우리나라', '확보', '입법조사처', '국회', '기술', '산업']",국회입법조사처,0
45,국내 소부장 자립화를 위해 천문학적인 돈을 부었지만 중국 의존도만 높아지는 결과 초래했다,"['자원부', '지적', '한국', '결과', '산업', '반도체', '중국', '기간', '소재', '삼성', '문재인', '의존', '투입', '국가', '품목', '일본', '정부', '수출', '통상', '당시', '자료', '의원', '수입', '국내', '장비', '규제', '증가', '관계자']",권명호,0
46,금리인하요구권을 사용했다가 오히려 금리가 오를 수 있다,"['조정', '행사', '금융', '요구', '우려', '사용', '금리', '개인', '변동', '적용', '상태', '경우', '시점', '변경', '신용등급', '은행', '인상', '대출', '거절', '관계자']",네이버 지식인 질문자,0
47,정부가 해외 주식 양도세를 완화해 준다,"['기본', '조치', '커뮤니티', '일시', '투자자', '완화', '해당', '온라인', '해외', '방안', '양도소득세', '정부', '부과', '주식']",인터넷 커뮤니티,0
48,국제에너지기구에서 2025년까지 화석연료 보일러 사용 금지를 제안했다,"['도입', '세계', '보고서', '부문', '위원', '기구', '금지', '한국', '평가', '손해', '영국', '참고', '국제', '사용', '자신', '제한', '건물', '일보', '석탄', '에너지', '신규', '달성', '기업', '국가', '보험', '발표', '화력발전', '가스', '네덜란드', '발전', '투자', '중단', '선언', '기후', '탄소']",양훈철,1
49,한미 통화스와프가 환율 급등을 막을 수 있다,"['문제', '한국', '급등', '한국은행', '코스피', '금융', '대표', '조사', '기록', '시스템', '시장', '올해', '효과', '발표', '이후', '폭등', '통계', '통화', '지난달', '상황', '안정', '국내', '환율']",언론사 자체 문제제기,1
50,9월 자동차보험 갱신 시점에 보험료 할증됐는데 침수차량이 많아서 그렇다,"['조정', '차등', '보험료', '할증', '손해', '요인', '가입자', '사고', '자동차', '온라인', '기준', '갱신', '보험사', '기본', '보험', '악화', '시점', '인상', '방식', '다음', '특성', '연간', '산정', '반영', '최근']",온라인 커뮤니티,0
51,전기차 수출 기업들의 미국 시장 피해는 외교실패에서 온 경제실패다,"['전기차', '기사', '라며', '의장', '한국', '통과', '기자', '보조금', '사건', '이재명', '민주당', '대통령', '피해', '법안', '확인', '대표', '교수', '국산']",이재명,0
52,경기도 배달특급 배달비가 다른 배달앱요기요 배달의 민족보다 비싸다,"['비교', '검색', '서비스', '커뮤니티', '민간', '기자', '결과', '온라인', '기준', '인구', '가맹', '내용', '점포', '공공', '배달', '지역', '경우', '언론']","온라인 커뮤니티, 언론 보도",0
53,고물가에 고가형 커피 인기는 줄고 저가형 커피가 인기다,"['고가', '최근', '외환위기', '물가', '최고', '분석', '시작', '기록', '스타벅스', '감소', '브랜드', '수가', '사용자', '이용자', '현상', '소비자', '하락', '부담', '대비', '커피', '이후', '교수', '확인', '이자', '승률', '학생', '증가']",언론사 자체 문제제기,1
54,자이언트 스텝울트라 스텝은 한국산 용어다,"['최근', '인상', '게시', '사용', '한국', '온라인', '단어', '표현', '캡처', '확인', '중심', '용어', '제도', '국산', '팩트', '정책']",온라인 커뮤니티,1
55,다른 나라에선 자국만 우대하는 전기차 보조금 정책 펼친다,"['전기차', '중국', '커뮤니티', '규정', '한국', '보조금', '온라인', '해외', '일본', '관련', '시행', '인터뷰', '나라', '정책']",온라인 커뮤니티,1
56,한국 정부는 론스타에 954퍼센트 승소했다,"['한국', '가운데', '과정', '손해', '금융', '인정', '국제', '전문가', '제기', '표현', '청구', '매각', '정부', '통상', '투자', '사건', '지연', '금액', '법무부', '승인', '핵심']",법무부,0
57,미국 금리가 올라서 우리나라 주가가 떨어진다,"['세계', '설명', '상승', '글로벌', '라며', '영향', '금리', '시장', '하락', '기업', '의장', '주가', '정부', '인상', '투자', '감축', '우리나라', '지난달', '상황', '가계', '증권', '유지', '국내', '주식']",언론사 자체 문제 제기,1
58,임대차법 때문에 전셋값 폭등한다,"['최근', '주택', '전세', '셋값', '윤석열', '개정', '매체', '서울', '갱신', '임대차', '부동산', '올해', '하락', '아파트', '임대', '상한', '정부', '언론', '폭등', '통계', '보도', '계약', '매물', '수요', '임차', '전월세', '차법', '가격', '월세']",언론 보도,0
59,신한금융지주가 한화손해보험 인수를 추진한다,"['그룹', '매각', '업계', '경쟁력', '보험', '상황', '인수', '관계자', '검토', '금융', '손해', '진행', '논의', '보도']",언론 보도,0
60,여성이사 할당제 법 어겨도 처벌조항 없다,"['경영', '세계', '여부', '차별', '과정', '이사', '이상', '국회', '최소', '의무', '자본시장', '기업', '규정', '법률', '조항', '침해', '경우', '정부', '상장', '위반', '보도', '시행', '우리나라', '부터', '비율', '처벌']",언론 보도,1
61,매각 대상 국유재산 강남 건물 6곳 유휴저활용 재산이다,"['설명', '매장', '주택', '해당', '개발', '대상', '활용', '임대료', '재산', '신축', '강남', '가치', '민간', '서울', '건물', '기준', '취득', '소재', '부동산', '정책', '매각', '기획재정부', '임대', '발표', '확인', '정부', '운영', '당시', '자료', '연간', '수익', '기재부']",기획재정부,0
62,경기도가 전국 광역단체 중 가장 많은 온실가스를 배출한다,"['위기', '피해', '목표', '탄소', '재산', '전국', '기록', '기준', '환경부', '에너지', '폭염', '종합', '국가', '단체', '발표', '대한민국', '중립', '팩트', '정도', '정보', '감축', '원인', '상황', '계획', '센터', '배출', '기후', '온실가스', '대응', '지자체']",언론사 자체 문제제기,0
63,탈원전 탓에 원전 경쟁력 후퇴했다,"['보고서', '인터뷰', '한국', '업계', '결과', '전경련', '대통령', '대상', '연장', '미만', '산업', '조사', '원전', '원자력', '러시아', '전국', '우려', '경쟁력', '이전', '에너지', '이상', '정책', '기업', '하락', '주요', '발표', '전력', '이후', '교수', '정부', '가스', '공급', '자료', '투자', '지난달', '상황', '국내', '건설', '독일']",임만성,1
64,자동차와 함께 도로 위 질주하는 전동 킥보드 전용법 필요하다,"['도입', '서비스', '지적', '한국', '교통', '관련', '가운데', '업체', '요구', '발의', '글로벌', '장치', '사고', '서울시', '파악', '제기', '방법', '적용', '실제', '이용자', '공유', '발생', '안전', '운행', '경우', '용법', '지난해', '사업', '우리나라', '상황', '의원', '국내', '증가', '개정안', '최근']",김용판,1
65,국내 원전 사용후핵연료 저장시설은 포화상태에 이르렀다,"['용량', '위기', '한국', '체계', '목표', '윤석열', '녹색', '산업', '원전', '원자력', '저장', '사용', '환경', '온라인', '에너지', '재생에너지', '정책', '시설', '발표', '확대', '확인', '정부', '운영', '정보', '커뮤니티', '우리나라', '계획', '기후', '국내', '대응', '건설']",인터넷 커뮤니티,1
66,독일은 파견근로 기간에 제한이 없다,"['한국', '임금', '업체', '일부', '정규직', '참고', '개정', '매체', '지급', '제한', '고용', '기간', '근로', '보호', '노동', '규정', '완화', '내용', '법률', '근로자', '연구원', '규제', '독일']",언론보도,0
67,전세 사기 주말에 자주 일어난다,"['계약', '처럼', '주택', '전세', '대출', '보증금', '상황', '사건', '입자', '담보', '신고', '경우', '방법', '집주인', '시세']",온라인 커뮤니티,0
68,서울 생활비가 홍콩보다 비싸다,"['세계', '비교', '관련', '결과', '가운데', '물가', '조사', '도시', '글로벌', '서울', '관리', '이용자', '기획재정부', '국가', '품목', '발표', '지수', '확인', '언론', '통계', '보도', '순위', '방식', '정보', '자료', '제공', '우리나라', '생산', '가격']",언론보도,0
69,5G 중간요금제 데이터 사용량도 요금제 가격도 중간이다,"['용량', '도입', '소비자', '요금', '금제', '통신비', '부담', '한국', '평균', '데이터', '선택']","대통령실, 과기부, SKT, 시민단체 등",0
70,법인세 인하 세계적 추세다,"['세계', '동안', '관련', '추진', '조세', '영국', '개편', '글로벌', '법인세', '포인트', '감소', '평균', '민주당', '세율', '법인', '세제', '기업', '반면', '국가', '주요', '해외', '경우', '정부', '네덜란드', '지난해', '인상', '장관', '최근']",권성동,1
71,블룸버그가 한국을 채무불이행 가능국으로 보고 있다,"['설명', '세계', '위기', '기사', '인터뷰', '한국', '의미', '파산', '평가', '대상', '경제학', '조사', '나라', '러시아', '우려', '중국', '포함', '실제', '가능성', '발언', '국가', '주요', '언급', '확인', '교수', '인터넷', '보도', '이자', '순위', '부채', '채권', '장관', '위험', '법무부', '국채']",추미애,0
72,4억 주택 기준 금리전환 대책 서울 혜택은 적다,"['상대', '주택', '사람', '결과', '혜택', '공사', '금융', '대상', '일부', '서울', '금리', '기준', '변동', '담보', '정책', '아파트', '수도권', '정부', '대출', '역차별', '전환', '가격']",온라인 커뮤니티 및 SNS,1
73,국내 판매되는 승용차의 평균 온실가스 배출량은 배출허용기준을 초과하고 있다,"['지적', '한국', '업체', '성과', '녹색', '분석', '강화', '초과', '자동차', '기준', '공단', '평균', '환경부', '에너지', '관리', '달성', '실적', '판매', '허용', '제도', '감축', '시행', '배출', '산정', '국내', '온실가스', '탄소']",언론사 자체 문제 제기,1
74,현금서비스를 받으면 신용점수가 떨어진다,"['카드', '하락', '서비스', '신용', '사용', '개인', '점수', '현금', '고객', '평가', '가사']",인터넷 커뮤니티,1
75,대세로 자리 잡은 1인 가구 행복도 낮다,"['보고서', '사람', '결과', '대상', '분석', '조사', '소득', '환경', '서울', '생활', '이상', '국회', '사회', '가구', '경우', '보도', '시민', '연구원', '미래', '증가', '최근']",언론보도,1
76,우리나라 1인당 전기 사용량이 세계 3위다,"['용량', '세계', '비교', '자료', '우리나라', '한국', '내용', '기준', '국가', '전력', '결과', '가정', '전기', '영국', '국민', '산업', '나라', '보도']",언론 보도 및 SNS,0
77,공공기관 적정 실내온도 28인데 윤석열 대통령은 21에서 회의했다,"['위원회', '대통령', '금융', '대상', '윤석열', '온도', '신용', '회복', '비판', '진행', '회의', '관리', '의무', '적정', '규정', '표시', '전력', '비상', '공무원', '확인', '정부', '언론', '서민', '사진', '당시', '센터', '상황', '수요', '숫자', '강조']",인터넷 커뮤니티와 SNS 등 온라인 매체,1
78,수입소고기의 물가상승 기여도가 가장 높다,"['돼지고기', '휘발유', '자료', '단체', '관련', '품목', '상승', '경유', '수입', '물가', '국내', '정부', '보도자료', '정책']","기재부, 농식품부",0
79,유류세 인하보다는 유류비 바우처와 정유사 초과이득세가 실효적이다,"['유사', '인터뷰', '유류', '보도자료', '초과', '주유소', '일부', '소득', '영업', '일각', '실제', '올해', '세금', '정유', '정부', '실효', '이익', '이번', '혜택', '이득', '가격']",이동영,1
80,서울회생법원의 주식코인투자 손실금 청산가치 배제 방침이 투기를 부추긴다,"['설명', '법원', '파산', '투기', '출금', '가치', '포함', '서울', '개인', '가능성', '신청', '조치', '자산', '절차', '화폐', '경우', '코인', '비트코인', '투자', '손실', '가상', '이번', '주식']",언론보도,0
81,에어컨 전기료 아끼려면 계속 틀어야 한다,"['용법', '가동', '시간', '전력', '희망', '전기', '확인', '온도']","SNS, 온라인 커뮤니티",0
82,중고차 거래 시 매매 상사로부터 받은 자동차 성능점검기록부 믿어도 된다,"['여부', '문제', '한국', '관련', '피해', '점검', '구매', '매매', '자동차', '판단', '서울', '거래', '소비자', '상태', '보험', '발생', '확인', '연간', '차량']",언론사 자체 문제 제기,1
83,지난 20년 동안에 중국의 무역흑자를 빼면 10년 정도는 무역적자로 전락한다,"['협회', '자원부', '적자', '한국', '동안', '제외', '산업', '경제학', '분석', '결정', '전체', '비중', '우려', '중국', '기록', '흑자', '연속', '무역', '둔화', '평균', '이상', '과거', '의존', '상반기', '최대', '이후', '교수', '수출', '통계', '정도', '통상', '우리나라', '선언', '부터', '유지', '수입', '현실', '역대', '최근']",최배근,1
84,어나니머스 권도형에 법의 심판 받게 할 것 경고했다,"['홍보', '이름', '암호', '해당', '유튜브', '영상', '화폐', '검토', '대표', '언론', '보도']",다수 언론 보도,0
85,중국 통한 수출 호황 시대 끝나가고 있다,"['협회', '세계', '전망', '인터뷰', '한국', '성장', '비중', '중국', '연속', '기록', '영향', '무역', '둔화', '시장', '올해', '정책', '가능성', '국가', '주요', '유럽', '확인', '수출', '통계', '차지', '경제성장률', '우리나라', '지난달', '시대', '부터', '수입', '수석', '전환', '지난해']",최상목,0
86,한동훈 법무부장관 미국 출장시 비즈니스석 이용은 파격적이다,"['인사', '항공사', '이용', '규정', '장관', '관련', '예산', '절감', '외국', '부터', '법무부', '국내', '노선', '언론', '폐지', '항공', '보도']",언론 보도,0
87,연봉 3천 안 되는 20대 6억까지 대출 받을 수 있다,"['상환', '한도', '소득', '주택', '기사', '청년', '대출', '금리', '기준', '구입', '가계', '연봉', '평균', '규제', '경우', '정부', '사례', '보도']",언론 보도,0
88,항공사가 손실 메우려고 항공권 가격 올렸다,"['인터뷰', '정상', '유류', '할증', '신고', '이유', '제한', '기간', '적용', '국토교통부', '점유', '판매', '공급', '사업', '항공사', '할인', '장관', '상황', '손실', '수요', '공시', '가격', '항공']",인터넷 커뮤니티,0
89,이전 대통령들은 재임 중 백화점 공개 쇼핑 안 했다,"['문제', '정상', '재임', '대통령', '박근혜', '서울', '비판', '개인', '이전', '시장', '방문', '발언', '현장', '발생', '쇼핑', '목적', '당시', '공개', '이명박', '우리나라', '역대']",김어준,1
90,전 세계 코인 투자자를 울린 권도형 대표는 국내에서 처벌을 받을 수 있다,"['세계', '유사', '특정', '관련', '행위', '대표', '인정', '투자자', '전문가', '암호', '형법', '법률', '화폐', '가중', '코인', '투자', '사태', '국내', '이번', '규제', '처벌']",언론사 자체 문제 제기,1
91,금리 3퍼센트P 오르면 기업 절반 이자 못 낸다,"['결과', '현황', '상승', '비용', '전경련', '산업', '비중', '영향', '금리', '영업', '변동', '추가', '기업', '일시', '조달', '부담', '경우', '언론', '다수', '절반', '보도', '이자', '인상', '자료', '이익', '증가', '지난해']",언론보도,1
92,경유 값 잡을 바이오디젤 확대 못 하는 이유 정유사 협조가 반드시 필요하다,"['인터뷰', '한국', '결과', '산업', '분석', '일부', '온도', '물질', '포함', '사용', '판단', '기준', '감소', '에너지', '기술', '제기', '연료', '유럽', '수준', '확대', '정부', '교수', '중립', '감축', '우리나라', '경유', '배출', '비율', '탄소', '이산화탄소', '효율', '실험', '증가', '독일']",산업통상자원부,1
93,합리적인 이유 없이 나이만을 기준으로 임금을 깎는 임금피크제는 무효다,"['도입', '용법', '근로자', '기업', '직원', '판단', '서울', '고용', '기준', '임금', '차별', '대법원', '판결', '업체', '인천', '이유', '연령']",언론사 자체 문제제기,1
94,김포공항과 인천공항은 고속전철로 10여분 거리다,"['시간', '거리', '공약', '최고', '대표', '인천', '철도', '자신', '영향', '이전', '국민', '국토교통부', '발언', '국가', '후보', '이재명', '이동', '경우', '단축', '정도', '이용', '계획', '페이스북', '차량', '노선']",이재명,1
95,1회용 컵 미반환 시 커피 값 인상 효과로 외식 물가가 상승한다,"['예정', '매장', '회용', '결과', '상승', '보증', '피해', '물가', '윤석열', '사용', '환경', '영향', '유예', '환경부', '음료', '국민', '정책', '소비자', '금제', '효과', '보증금', '커피', '책임', '인상', '요청', '시행']",국민의힘,0
96,상장폐지 이후 정리매매 기간에 매도하지 않으면 더 이상 거래 방법이 없고 평가금액은 0원이 된다,"['거래', '온라인', '금액', '기간', '종목', '시장', '평가', '매도', '보유', '이후', '방법', '상장', '주식', '결정', '매매']",SNS 및 인터넷 커뮤니티,0
97,산업기술 해외에 유출해도 솜방망이 처벌에 그친다,"['전자', '관련', '규모', '산업', '양형', '반도체', '이하', '기준', '기술', '보호', '실제', '국가', '내용', '해외', '전기', '확인', '최대', '통계', '범죄', '지난해', '자료', '사건', '처벌', '최근', '핵심']",SNS 및 인터넷 커뮤니티,1
98,CPTPP 가입하면 해외 성인사이트 차단할 수 없다,"['통상', '차단', '정보', '인터뷰', '규정', '우리나라', '온라인', '해외', '지금', '규제', '검토', '인터넷']","온라인 커뮤니티, 언론 보도",0
99,대구 헬스장 관장이 코로나19로 인한 경제적 어려움으로 극단적 선택했다,"['업계', '관련', '방역', '제한', '온라인', '영업', '시설', '코로나', '사망', '내용', '확인', '다수', '보도', '운영', '커뮤니티', '이용', '센터', '확산', '인원', '선택']","SNS, 인터넷 커뮤니티",0
100,정부가 마스크 공장 물량 다 가져가서 판매할 물량이 없다,"['물량', '정보', '정부', '내용', '온라인', '사가', '판매', '업체', '근거', '공장']",온라인 커뮤니티 이용자,0
101,해외 광산 매각 시 우리나라 자원개발률 급락한다,"['최근', '적자', '자원', '관련', '확보', '개발', '흑자', '민간', '공단', '정책', '매각', '규정', '자산', '주요', '해외', '실적', '정부', '중심', '사업', '투자', '중단', '우리나라', '의원', '검토', '지난해']",한무경,1
102,윤석열 정부 사외이사 이력 내각 후보자 역대 정부 최다이다,"['위원회', '사람', '인사', '취업', '박근혜', '윤석열', '구성', '업무', '민간', '공직자', '기간', '인수', '문재인', '기업', '절차', '발표', '후보', '공무원', '경우', '이후', '정부', '확인', '이명박', '시행', '장관', '부터', '역대']",언론사 자체 문제제기,1
103,MB 시절 청와대에 4대강 사업을 담당하는 비서관이 따로 있었다,"['추진', '지역', '박근혜', '예비', '대표', '금융', '연관', '경기', '청와대', '민주당', '시장', '해명', '정책', '후보', '담당', '정부', '사업', '발전', '당시', '이명박', '지사', '의원', '부터', '수석']",김동연,1
104,인천시장이 인천발 KTX 개통의 결정 권한을 갖고 있다,"['고시', '국토부', '결과', '공사', '과정', '인천', '결정', '철도', '공단', '기간', '시장', '국토교통부', '기본', '국가', '실시', '발표', '경우', '확인', '변경', '사업', '원인', '시행', '장관', '계획', '지연', '부터', '협의', '건설', '승인']",언론사 자체 검증,0
105,대우조선해양은 공기업이다,"['위원회', '가운데', '규모', '산업', '요건', '민간', '이상', '국민', '인수', '지정', '기업', '기획재정부', '규정', '법률', '정부', '운영', '은행', '공공', '수입', '기관']",원일희,0
106,지난해 국가부채 2200조 원 육박해 GDP 넘어섰다,"['국가부채', '규모', '연도', '지급', '국가채무', '재정', '올해', '의무', '지표', '기획재정부', '국가', '발표', '대비', '언론', '정부', '보도', '연금', '부채', '자료', '우리나라', '시기', '지난해']",다수 언론 매체,0
107,1회용품 규제하면 코로나19 감염 위험이 더 높아진다,"['회용', '매장', '위원회', '근거', '요구', '방역', '우려', '사용', '환경', '유예', '지금', '환경부', '인수', '회의', '관리', '정책', '코로나', '위원장', '발언', '단체', '인수위', '비상', '용기', '정부', '안철수', '반박', '자료', '시행', '위험', '식품', '확산', '부터', '규제', '대응', '생각']",언론사 자체 문제 제기,0
108,청와대 개방의 경제효과가 2천억원에 이른다,"['업무', '보고서', '개방', '자료', '효과', '인수위', '청와대', '연구원', '문화', '생산', '보도자료', '보도']",언론보도,0
109,대통령 집무실 용산 이전 예산 496억은 기획재정부가 추산한 자료다,"['관련', '비용', '과정', '대통령', '당선인', '제출', '요구', '추계', '부처', '예산', '민주당', '이전', '단계', '기획재정부', '발언', '인수위', '제시', '자료', '공식', '논란', '협의', '기재부']",윤석열,0
110,윤석열 당선인의 양도세 폐지 공약이 개인투자자의 실익과는 딱히 상관없다,"['개정안', '공약', '당선인', '대상', '소액', '부과', '전체', '소득', '투자자', '온라인', '지원', '개인', '양도소득세', '국세청', '폐지', '실제', '거래', '세제', '세법', '과세', '후보', '경우', '상위', '투자', '자료', '커뮤니티', '주식']",인터넷 커뮤니티,1
111,우리나라가 수출 수입의 해외 의존도가 세계 최고다,"['세계', '우리나라', '국가', '해외', '후보', '평균', '수입', '최고', '국민', '의존', '수출', '나라', '독일']",윤석열,0
112,우리나라가 공공 데이터 개방에 소극적이다,"['비교', '개방', '발언', '공개', '지적', '국가', '한국', '우리나라', '후보', '수준', '지수', '외국', '공공', '점수', '안철수', '데이터', '대상', '조사']",안철수,0
113,외환위기 당시 지원한 공적자금 상당 부분 회수됐다,"['부분', '당시', '위원회', '자금', '투입', '지원', '후보', '외환위기', '발표', '지금', '이재명', '금융', '윤석열']",윤석열,0
114,한국의 코로나19 재정 지출 외국에 비해 적다,"['지출', '코로나', '사용', '우리나라', '국가', '지원', '후보', '이재명', '외국', '재정', '대비', '민주당', '대응', '정도']",이재명,1
115,이재명 후보가 손실보상 얘기를 한 적이 없다,"['공인', '규모', '윤석열', '방역', '영업', '지원', '민주당', '국민', '원금', '코로나', '후보', '이재명', '지침', '정부', '처리', '재난', '그동안', '작년', '페이스북']",윤석열,0
116,우리나라가 기축통화국이 될 가능성이 매우 크다,"['가능성', '세계', '기축통화', '비중', '통화', '발언', '추이', '우리나라', '발표', '한국은행', '후보', '이재명', '전경련', '상품', '민주당', '보도자료', '시장', '거래']",이재명,0
117,대장동 사업에 3억 5천만 원을 투자한 사람들이 1조 원 수익을 냈다,"['회사', '개발', '행사', '대통령', '윤석열', '전체', '투자자', '설립', '민주당', '분양', '관리', '아파트', '자금', '자산', '후보', '이재명', '사업', '반박', '투자', '시행', '변호사', '금액', '수익']",윤석열,0
118,광주 역내 GDP가 전국 꼴찌다,"['전국', '발전', '발언', '기준', '후보', '광주', '가운데', '민주당', '지역', '생산']",윤석열,0
119,한국노총의 이재명 지지 선언 정치 중립 의무를 깼다,"['의무', '조합원', '대선', '기사', '노동조합', '한국', '선언', '후보', '제목', '이재명', '논란', '의원', '민주당', '하자', '언론', '중립', '결정', '보도']",언론사 자체 문제제기,0
120,2011년까지 450조 규모의 원자력 해체 시장이 예상된다,"['보고서', '전망', '예상', '규모', '산업', '원전', '원자력', '가동', '전문가', '이상', '기술', '시장', '실제', '후보', '언급', '이후', '정부', '발전', '우리나라', '선진국']",심상정,0
121,대장동 개발사업 하면서 도로 터널 공원 만든 건 이익 환수 아니다,"['시설', '사업', '대선', '도로', '포함', '이익', '후보', '환수', '비용', '개발', '전문가', '이재명', '공공', '사업자', '윤석열', '추가', '도시']",윤석열,0
122,북한이 군사 도발하면 주가가 떨어진다,"['하락', '기록', '투자', '영향', '회복', '주가', '부회장', '실시', '사건', '지수', '다음', '평균', '북한', '부터', '코스피', '하루']",언론사 자체 문제제기,0
123,이재명의 태양광 그늘막 공약은 중국 업체들을 위한 것이다,"['세계', '댓글', '지적', '공약', '업체', '대표', '국산', '비중', '중국', '사용', '기준', '비판', '태양광', '에너지', '국민', '시장', '정책', '설치', '국가', '후보', '점유', '이재명', '상황', '의원', '국내', '장비']",이준석,0
124,우리나라 산업용 전기요금이 다른 나라보다 비싸다,"['설명', '공약', '가운데', '가정', '윤석열', '산업', '나라', '회원', '평균', '국민', '요금', '후보', '전기', '가격', '교수', '인상', '대선', '당시', '공개', '우리나라', '기자회견']",주한규,0
125,중대재해처벌법 처벌수위 해외에서 보기 어려울 만큼 높다,"['경영', '비교', '의무', '기업', '형사', '단체', '우리나라', '해외', '처벌', '법률', '안전', '호주', '책임', '산업', '관리', '위반', '나라', '영국']","경제단체, 다수 언론의 문제 제기",0
126,알짜 사업 물적분할은 기존 주주의 주주권 침해다,"['금지', '주주', '청원', '회사', '소액', '반대', '성장', '가치', '신설', '별도', '변동', '화학', '에너지', '사례', '자본시장', '기업', '하락', '핵심', '자회사', '침해', '기존', '상장', '대기업', '사업', '손실', '국내', '주식', '이론']",청와대 국민청원,0
127,외국인은 담보대출비율 100퍼센트 대한민국 국민은 40퍼센트,"['도입', '보고서', '위원회', '주택', '기사', '금지', '모델', '관련', '차별', '투기', '거주', '현지', '대상', '외국인', '발의', '마련', '국적', '주의', '의견', '외국', '취득', '담보', '국회', '국민', '세율', '적용', '부동산', '과세', '자금', '규정', '내용', '후보', '대한민국', '경우', '정부', '안철수', '은행', '당시', '대출', '역차별', '의원', '국내', '비율', '규제', '검토', '지난해']",안철수,0
128,2025년까지 태양광풍력 설비 지금보다 2배 이상 확대한다,"['도입', '전망', '한국', '비용', '추진', '대통령', '비중', '지금', '추산', '태양광', '에너지', '이상', '재생에너지', '문재인', '정책', '투입', '요금', '전기', '확대', '경우', '정부', '공급', '계산', '설비', '발전', '인상', '보조금', '계획', '연간', '비율', '단가', '지난해']",문재인,0
129,재생에너지 발전 비중 높여도 전력수급 안전하다,"['세계', '시간', '체계', '비용', '대표', '성과', '비중', '우려', '장치', '기간', '에너지', '재생에너지', '국가', '수급', '전력', '정부', '공급', '중립', '전환', '발전', '계획', '안정', '생산', '탄소', '관계자']",정부,1
130,2021년 4분기 전기요금 인상 탈원전 정책과 관계 없다,"['관련', '상승', '연도', '구매', '산업', '유가', '원전', '원자력', '국제', '기준', '도매', '에너지', '문재인', '시장', '정책', '하락', '요금', '상반기', '전력', '수준', '전기', '이후', '정부', '운영', '통상', '인상', '발전', '이용', '장관', '작년', '부터', '전환', '가격', '지난해']",문승욱,0
131,연초 꽃값 폭등은 도매상 담합 때문이다,"['지난해', '물량', '코로나', '청원', '의혹', '급등', '상승', '폐업', '도매', '평균', '감소', '증가', '제기', '가격', '거래', '농가']",청와대 국민청원,0
132,주52시간제가 광주 아파트 참사의 근본적인 원인이다,"['보고서', '위원', '지적', '한국', '공사', '개발', '인력', '근로시간', '산업', '노동자', '신축', '우려', '사고', '기간', '의견', '근로', '진행', '추가', '관리', '준공', '아파트', '투입', '근무', '현장', '광주', '발생', '언론', '단축', '보도', '공정', '사업', '원인', '시행', '계획', '부터', '부실', '이번', '연구원', '건설']",언론 보도,0
133,우리나라는 다른 나라보다도 주택가격 인상 폭이 워낙 높다,"['세계', '보고서', '주택', '상승', '분기', '나라', '국제', '하위', '기준', '부동산', '코로나', '국가', '자산', '후보', '수도권', '통계', '인상', '우리나라', '승률', '반영', '가격']",안철수,0
134,국민연금 2055년 고갈되고 2088년까지 누적적자가 1경 7천조다,"['전망', '적자', '결과', '개혁', '보험료', '규모', '근거', '추계', '강화', '대체', '보건복지부', '소득', '변화', '재정', '국회', '실제', '프로', '가능성', '발표', '후보', '장기', '시점', '절반', '안철수', '계산', '제도', '연금', '대선', '자료', '국민연금', '유지', '기금']",안철수,0
135,주휴수당 식대 포함하면 최저임금이 만원을 상회한다,"['시간', '임금', '제외', '근로시간', '미만', '주휴수당', '포함', '기준', '명목', '지금', '최저임금', '실제', '후보', '휴일', '경우', '절반', '계산', '근로자', '제공']",윤석열,0
136,IMF가 적정국가채무비율 85퍼센트 권고했다,"['비교', '기축통화', '보고서', '지적', '문제', '특정', '결제', '수치', '나라', '국제', '국가채무', '전문가', '재정', '평균', '관계자', '제기', '적정', '국가', '주요', '수준', '후보', '이재명', '일본', '유럽', '대비', '언급', '계산', '정도', '은행', '부채', '대선', '통화', '공식', '권고', '우리나라', '상황', '유지', '비율', '이론']",이재명,0
137,문재인 정부 수도권 공급량 역대 최대지만 자가 비중은 감소했다,"['물량', '주택', '결과', '의미', '채널', '보유', '조사', '전체', '비중', '조회', '기준', '감소', '평균', '수가', '문재인', '준공', '프로', '국토교통부', '아파트', '유튜브', '후보', '가구', '점유', '수도권', '최대', '정부', '공급', '정도', '대선', '공개', '심상정', '의원', '비율', '역대']",심상정,1
138,작전주인지 모르고 투자 고의가 없어 무죄다,"['관련', '회사', '행위', '국민', '전주', '실제', '프로', '자본시장', '근무', '조선일보', '후보', '이재명', '범죄', '반박', '당시', '투자', '대선', '공개', '증권', '시효', '페이스북', '주식']",이재명,1
139,종부세 가구 단위로 하면 국민의 10퍼센트 정도가 영향 받는다,"['주택', '납부', '독립', '채널', '가운데', '가정', '윤석열', '전국', '세대', '조회', '영향', '기준', '개인', '소유', '추산', '국민', '실제', '프로', '과세', '발언', '유튜브', '종부세', '후보', '가구', '단위', '계산', '정도', '대선', '공개', '비율']",윤석열,0
140,자영업자들이 폐업을 안 하는 게 코로나 사태 호전 기대 때문이다,"['보고서', '기사', '업계', '인터뷰', '한국은행', '폐업', '공인', '가운데', '금융', '제출', '분석', '상환', '출금', '지급', '지원', '감소', '집단', '업자', '일각', '실제', '코로나', '하락', '자금', '해석', '정부', '통계', '사업', '대출', '사태', '안정', '부터', '유지', '자영', '지난해']",언론 보도,0
141,빌게이츠저커버그머스크 양극화 걱정하며 기본소득 주장했다,"['도입', '사람', '시간', '문제', '특정', '기본소득', '구조', '나라', '글로벌', '주의', '변화', '지금', '사회', '시장', '노동', '기업', '복지', '후보', '양극화', '이재명', '언급', '하자', '대선', '강조', '미래', '과도', '생각']",이재명,0
142,알바로 2천만에서 3천만원 번다,"['참고', '대선', '결과', '후보', '연간', '이재명', '최저임금', '평균', '민주당', '수입', '이상', '분석', '재산', '정도']",현근택,0
143,국민 98퍼센트는 종부세와 무관하다,"['주택', '납부', '전세', '해당', '대상', '전국', '실질', '세대', '소유자', '영향', '기준', '인구', '개인', '청와대', '소유', '평균', '국민', '국세청', '부동산', '발언', '종합', '종부세', '가구', '대비', '확인', '정부', '우리나라', '비율', '수석', '폭탄', '인원', '증가']",박수현,0
144,기업 로고를 패러디해서 선거 홍보에 활용하면 상표법 위반이다,"['참고', '홍보', '해당', '인터뷰', '특정', '부정', '후보', '변호사', '상품', '경쟁', '위반']","언론사 자체 문제 제기, 온라인 커뮤니티",0
145,신생아 1인당 예산은 2억 원이다,"['위원회', '관련', '수당', '존재', '일부', '예산', '지원', '전문가', '사회', '정책', '투입', '조선일보', '집계', '정부', '분야', '언론', '인터넷', '보도', '사업', '커뮤니티', '작년']",인터넷 커뮤니티,0
146,자영업 비중 우리나라 OECD 2등이다,"['비교', '보고서', '한국', '폐업', '수치', '비중', '영업', '지원', '감소', '자영', '업자', '데이터', '터키', '수가', '전략', '정책', '적정', '후보', '일본', '교육', '공급', '안철수', '정도', '대선', '우리나라', '다음', '국내', '선진국', '수익', '독일']",안철수,0
147,불법 논란 왕릉뷰 아파트는 위치에 따라 부분 철거해야 하지만 사실상 불가능하다,"['위원회', '자체', '문제', '결과', '확보', '비용', '업체', '인천', '분석', '위치', '일부', '부분', '기준', '건물', '주변', '문화', '기술', '보호', '아파트', '내용', '확인', '기존', '심의', '허가', '논란', '인근', '검토', '본부', '건설', '행정']","다수 언론 매체, 온라인 커뮤니티",0
148,국민공무원연금 개혁 둘 다 안한 정부는 문재인 정부가 유일하다,"['도입', '전망', '문제', '적자', '개혁', '박근혜', '급여', '제출', '연령', '대체', '소득', '차례', '지급', '재정', '국회', '문재인', '노무현', '부담', '수급', '후보', '가중', '보전', '공무원', '이후', '정부', '안철수', '논의', '제도', '연금', '인상', '대선', '당시', '이명박', '국민연금', '역대', '증가', '지난해']",안철수,1
149,청년확장실업률이 27퍼센트를 넘나들어 청년 4명 중 1명이 실업이다,"['동월', '시간', '문제', '특정', '관련', '취업', '최고', '수치', '고용', '인구', '지금', '감소', '이전', '추가', '시장', '올해', '코로나', '청년', '악화', '후보', '대비', '언급', '이후', '절반', '통계', '대선', '공식', '가능', '심상정', '실업률', '상황', '특성']",심상정,0
150,윤석열 후보가 말하는 최저임금제 폐지는 위헌이다,"['위원회', '헌법', '최저', '관련', '임금', '과정', '윤석열', '근거', '위치', '결정', '최저임금법', '비판', '최저임금', '민주당', '전지', '국민', '폐지', '중소기업', '방문', '정책', '기업', '발언', '국가', '실시', '후보', '수준', '대한민국', '정부', '제도', '대선']",더불어민주당,1
151,탈원전에 따른 손실을 전력기금으로 보전해준다,"['지적', '비용', '추진', '윤석열', '근거', '산업', '원전', '결정', '개정', '마련', '사업자', '국민', '요금', '전력', '후보', '보전', '전기', '경우', '정부', '심의', '사업', '호기', '대선', '인상', '발전', '시행', '손실', '계획', '기금']",윤석열,1
152,올해 초과 세수는 50조원이다,"['전망', '인터뷰', '예상', '관련', '규모', '수치', '초과', '참고', '지급', '기준', '예산', '세수', '민주당', '국민', '추가', '올해', '원금', '기획재정부', '언급', '편성', '정부', '시점', '교수', '보도', '자료']",윤호중,1
153,한국 주식은 배당을 적게 한다,"['자료', '발언', '한국', '후보', '이재명', '국내', '확인', '주식']",이재명,1
154,루즈벨트 공산주의적 사회주의적 정책 만들었다,"['설명', '대선', '당시', '지난달', '후보', '지금', '사회주의', '이재명', '민주당', '사회', '정책']",이재명,0
155,한국 OECD 국가 중 국가부채비율 증가 속도 가장 빠르고 2030년 이후 잠재성장률은 꼴찌다,"['보고서', '회원', '이후', '대선', '전망', '자신', '한국', '예상', '국가', '조선일보', '국가부채', '중앙', '후보', '안철수', '비율', '국민', '페이스북', '성장']",안철수,0
156,세계적으로 주 4일제를 주도하는 것은 스타트업중소기업이다,"['도입', '세계', '시간', '축소', '대상', '일부', '변화', '중소기업', '기업', '근무', '후보', '교수', '분야', '정부', '단축', '경쟁', '논의', '대기업', '대선', '심상정', '최근']",심상정,1
157,국내 자산 부동산 비중 너무 높고 주식 비중 너무 낮다,"['비교', '보고서', '한국', '상승', '금융', '조사', '나라', '영국', '비중', '중국', '개인', '평균', '국민', '부동산', '유튜브', '자산', '주요', '차이', '후보', '이재명', '일본', '대비', '단위', '대선', '우리나라', '가계', '국내', '주식']",이재명,1
158,가계부채비율 높고 국가채무비율 낮은 건 국가의 가계 지원 부족 때문이다,"['비교', '세계', '한국', '국가부채', '규모', '윤석열', '나라', '영국', '비중', '소득', '하위', '민간', '자신', '회복', '포인트', '국가채무', '지원', '지급', '평균', '재정', '국민', '지출', '원금', '반면', '국가', '주요', '후보', '수준', '이재명', '일본', '대비', '정부', '절반', '재난', '부채', '대선', '우리나라', '가계', '공공', '비율', '선진국', '페이스북', '증가']",이재명,1
159,경항모 사업에 혈세 20조 원이 넘게 든다,"['사업', '투입', '발언', '포함', '지적', '추가', '예산', '확보', '구입', '별도', '의원', '이상', '반영', '국민', '구성', '실제']",신원식,0
160,공모주 균등배정제도가 증권사 배만 불린다,"['도입', '기업', '기록', '방식', '투자', '대출', '투자자', '증권사', '혜택', '부터', '공모', '소액', '일각', '제도', '시장', '거래', '카카오']",온라인 커뮤니티,0
161,코로나 상황에서 대한민국 경제성장률 세계 1위다,"['세계', '보고서', '전망', '방역', '성장', '나라', '기록', '중국', '평균', '올해', '코로나', '효과', '국가', '주요', '후보', '이재명', '대한민국', '경제성장률', '대선', '우리나라', '상황', '프랑스', '선진국', '페이스북']",이재명,0
162,국내 법으로 망 이용료를 강제할 수 없고 다른 나라에서도 내지 않는다,"['세계', '서비스', '자체', '한국', '취재', '관련', '존재', '명시', '출시', '지급', '사업자', '정책', '내용', '판결', '확인', '기존', '인터넷', '이용', '제공', '입장', '지불', '논란', '국내']",딘 가필드,0
163,우리 정부의 2030년 온실가스 감축 목표는 과도하다,"['비교', '세계', '한국', '목표', '제출', '나라', '참고', '기준', '평균', '일각', '기후변화', '단체', '국가', '주요', '발표', '대비', '정부', '감축', '협약', '우리나라', '지난달', '배출', '온실가스', '과도']","경제단체, 다수 언론의 문제 제기",0
164,아르헨티나는 2018년 연금 지급을 2배로 올렸다,"['연금', '보고서', '위기', '국가', '지급', '개혁', '수급', '재임', '대통령', '국내', '대표', '안철수', '사례']",안철수,0
165,공공임대주택 비중 선진국 20퍼센트 우리는 5퍼센트 수준이다,"['비중', '주택', '국가', '우리나라', '후보', '수준', '공공', '대비', '언급', '수치', '임대주택', '선진국', '사회', '증가', '공급', '네덜란드', '나라', '독일']",이재명,0
166,아일랜드는 사회적 대타협으로 노동개혁에 성공해 선진국에 진입했다,"['정책', '노동', '마이너스', '기록', '국가', '실업률', '개혁', '임금', '후보', '선진국', '예비', '이후', '정부', '성장', '영국']",홍준표,1
167,문재인 정부에서 규제를 완화해 줬기 때문에 하나은행이 대부 업체러시앤캐시에 대출해줄 수 있었다,"['금융위', '대출', '규정', '완화', '후보', '업체', '금융', '규제', '정부', '페이스북', '서민']",원희룡,1
168,재산 상속하면 절반을 세금으로 떼 간다,"['자료', '상속세', '세금', '우리나라', '한국', '입법조사처', '세율', '최고', '최대', '국회', '적용', '재산', '상속']",언론 보도 및 SNS,0
169,공매도는 기관투자자만 이용하고 개인투자자에게 불리하다,"['공매도', '위원회', '자료', '이용', '투자자', '내용', '개인', '의원', '금융', '제도', '기관', '외국인', '폐지', '거래', '주식']",홍준표,0
170,미국은 이미 본격적인 플랫폼 규제에 나서고 있다,"['위원회', '서비스', '해당', '자체', '행위', '통과', '온라인', '이상', '거래', '기업', '효과', '후보', '판매', '플랫폼', '경쟁', '제품', '법안', '규제', '페이스북']",심상정,1
171,중산층 소득 기준 최하가 244만원이다,"['중위', '소득', '대선', '중산층', '복지', '기준', '해외', '후보', '이재명', '국내', '언급', '이상', '대상', '통계']",이재명,0
172,50억 원은 글로벌 대기업 CEO들의 퇴직금에서도 상위에 속하는 금액이다,"['대기업', '그룹', '글로벌', '수준', '금액', '의원', '국내', '상위']",이낙연,0
173,다른 나라도 외국인 부동산 소유 규제하고 있다,"['은행', '승인', '위원회', '주택', '투자', '대출', '국가', '부동산', '구입', '중국인', '해외', '규제', '호주', '정부', '외국인', '나라']",언론 보도 내 댓글,0
174,대림동과 가리봉동 건물 중국인이 점령했다,"['은행', '댓글', '아파트', '대출', '서울', '기준', '건물', '중국인', '비율', '확인', '파악', '외국인', '최근']",언론 보도 내 댓글,0
175,스타벅스 리유저블 컵 데이는 일회용컵 사용 절감 위한 친환경 행사이다,"['회용', '매장', '자원', '행사', '글로벌', '사용', '스타벅스', '환경', '감소', '고객', '하루', '사회', '기후변화', '효과', '용기', '커피', '제작', '제품', '그동안', '권고', '제공', '절감', '배출', '코리아', '온실가스']",스타벅스코리아,0
176,알래스카 사례영구기금배당는 기본소득이 아닌 주주 배당금이다,"['도입', '세계', '대선', '발언', '주주', '지급', '후보', '현금', '기본소득', '분배', '제도', '국민', '진행', '검토', '기금', '실험', '사례', '핵심']",홍준표,0
177,상속세는 중산층도 내는 세금이다,"['최근', '납부', '중산층', '국민', '상속세', '문제', '자료', '상황', '관련', '공약', '부동산', '발표', '통계', '검토', '대상', '폐지', '일부']",최재형,0
178,선진국에선 줄고 있는 청년실업이 우리나라에서만 역주행하고 있다,"['보고서', '위기', '대선', '청년', '발언', '국가', '한국', '주요', '고용', '우리나라', '상승', '후보', '실업률', '선진국', '국민', '정부', '문재인', '증가']",하태경,1
179,재난지원금 처음 집행했을 때 실제 소비로 이어진 것은 30퍼센트밖에 안 된다,"['보고서', '수치', '분석', '소득', '지급', '집행', '지원', '국민', '실제', '정책', '가능성', '소비', '원금', '투입', '발언', '효과', '발표', '후보', '금은', '처음', '재난', '대선', '연구', '재원', '효율', '증가']",최재형,0
180,재난지원금으로 최신 전자기기 살 수 있다,"['전자', '설명', '인터뷰', '업계', '결제', '상품', '구매', '온라인', '국민', '실제', '프로', '원금', '코로나', '가맹', '편의점', '판매', '경우', '재난', '제품', '상황', '확산']",다수의 온라인 커뮤니티,1
181,사회주택 점검 대상 약 47퍼센트가 임대료 기준을 위반했다,"['협회', '주택', '지적', '한국', '결과', '가운데', '평가', '업체', '제출', '근거', '대상', '점검', '임대료', '조사', '전체', '포함', '기준', '주변', '서울시', '이상', '오세훈', '사회', '시장', '시세', '집계', '위반', '인상', '자료', '비율', '거부', '사례']",오세훈,0
182,세금도 안 내는 외국인에 혈세로 재난지원금 준다,"['납부', '사람', '건강', '보험료', '외국인', '재산', '참고', '보건복지부', '가입자', '국적', '자신', '지급', '기준', '국민', '원금', '코로나', '신청', '세금', '보험', '대한민국', '등록', '경우', '재난', '이번', '월급']","SNS, 온라인 커뮤니티",0
183,이재용 삼성전자 부회장 가석방을 위해 심사 기준 낮췄다,"['전자', '심사', '결과', '가운데', '대표', '대상', '미만', '결정', '기준', '부회장', '비판', '이상', '진행', '삼성', '특혜', '완화', '지침', '언론', '통계', '허가', '장관', '부터', '법무부', '비율', '인원', '최근']",시민사회단체들,1
184,공정소득은 기본소득의 사촌쯤 될 만큼 서로 유사한 정책이다,"['공정', '소득', '소득세', '대선', '방식', '모델', '지급', '지사', '차이', '이재명', '기본소득', '세율', '분야', '재원', '정책']",이재명,0
185,서울 재건축단지 신축 아파트에 임대주택이 억지로 들어온다,"['신축', '아파트', '주택', '서울', '확보', '공공', '재건축', '임대주택']",온라인 커뮤니티 및 기사 댓글,0
186,재건축 2년 실거주 의무화 정책은 집값을 안정시키는 데에 실패했다,"['의무', '지난해', '조합원', '주택', '아파트', '해당', '상반기', '설립', '결과', '서울', '거주', '투기', '집값', '재건축', '규제', '부동산', '정책']",언론사 자체 문제제기,1
187,최저임금 연평균 인상률 문재인 정부가 박근혜 정부보다 높다,"['비교', '인상', '정부', '매체', '기사', '내용', '최저임금', '평균', '연구원', '박근혜', '언론', '페이스북', '문재인', '계산', '보도']",언론 보도 및 SNS,0
188,현 정부의 탈원전 정책 때문에 올 여름 블랙아웃이 발생할 수 있다,"['용량', '비교', '예정', '전망', '문제', '예상', '자원', '한국', '확보', '지적', '가운데', '예비', '산업', '원전', '일부', '영향', '기준', '전문가', '평균', '에너지', '정비', '추가', '실제', '정책', '단계', '하락', '일시', '조선일보', '수급', '전력', '발생', '최대', '확인', '언론', '정부', '공급', '설비', '보도', '호기', '자료', '산업부', '계획', '지연', '수요', '순환', '비율', '증가', '전환', '지난해']",다수 언론 매체,0
189,개인투자자 소유 주식 개인 동의 없이도 공매도에 사용될 수 있다,"['공매도', '마련', '동의', '투자자', '증권사', '회사', '기준', '개인', '방법', '증권', '소유', '고객', '점검', '주식', '종목', '계좌']","SNS, 온라인 커뮤니티",0
190,실손보험 청구 간소화법은 악법이다,"['보험사', '기관', '정보', '사용', '보험', '회사', '병원', '정부', '개정안', '청구']",의료계,0
191,갭투기 피해는 현재 진행 중이고 앞으로 더 늘어날 것이다,"['자료', '주택', '전세', '사고', '임대', '보증금', '투기', '보증', '소유', '피해', '입자', '임대주택', '데이터', '대상', '진행', '확인', '등록']",언론사 자체 문제 제기,1
192,종부세 상위 2퍼센트 부과 세계 어디에도 없다,"['세계', '고가', '위원회', '주택', '평가', '보유', '최고', '대상', '부과', '결정', '나라', '유세', '기준', '국민', '적용', '부동산', '가능성', '과세', '세금', '종합', '국가', '종부세', '주요', '경우', '개념', '팩트', '상위', '방식', '프랑스', '비율', '가격']",류성걸,1
193,차별금지법이 도입되면 기업이 임금 처우에 차등을 두지 못하고 묻지마 소송에 시달리게 된다,"['금지', '임금', '차별', '차등', '과정', '행위', '명시', '입증', '이유', '일부', '판단', '손해배상', '재계', '기업', '규정', '국가', '휴일', '조항', '경우', '법안', '검토']",언론보도,0
194,쿠팡 물류센터 내 휴대전화 금지 위법 소지 있다,"['보장', '조치', '사용', '금지', '시간', '이용', '센터', '검토', '경우', '노동자']",언론사 자체 문제 제기,0
195,원전 가동률 줄어들었다,"['최근', '자원부', '산업', '원전', '전량', '원자력', '가동', '감소', '이전', '문재인', '전기', '확인', '언론', '다수', '절반', '정도', '보도', '통상', '자료', '부터', '증가']","다수 언론 매체, 온라인 커뮤니티",0
196,비트코인 외환법에 따라 과세 대상 될 수 없다,"['청원', '기능', '금융', '대상', '소득', '국제', '주의', '의견', '청와대', '국민', '세법', '과세', '기획재정부', '세금', '규정', '자산', '국가', '화폐', '대한민국', '확인', '경우', '비트코인', '원칙', '통화', '수단', '우리나라', '입장', '가상']",청와대 국민청원,0
197,택배기사들이 고수익자 수준의 월 평균 수익을 벌어들이고 있다,"['노동', '택배', '기사', '해당', '평균', '추산', '수입', '수익', '노동자', '정도']",언론보도,0
198,20년 거주한 집 보유세 서울이 미국의 2배다,"['주택', '기사', '유세', '해당', '서울', '일반', '기간', '평균', '언급', '보유', '장기', '조사', '사례']",언론보도,0
199,일본 대졸자 취업률이 한국보다 30퍼센트p 높다,"['방식', '사람', '기사', '한국', '제외', '일본', '산정', '개발', '취업', '경우', '대상', '조사', '통계']",언론 보도,0
200,한국은 보유세부담율이 미국 등 oecd 평균보다 낮아 미국과 비교했을때 주택 보유세 부담이 적다,"['비교', '실효', '주택', '유세', '면적', '한국', '부담', '종부세', '캘리포니아', '연간', '세율', '보유', '이상', '장기', '경우', '전용', '올해']",언론사 자체 문제제기,0
201,광역도시 없는 지역권은 실제 수요와 관계없이 획일적으로 국가교통망 정책에서 소외되고 있다,"['교통', '지역', '대상', '도시', '포함', '구간', '예산', '평균', '전주', '실제', '정책', '발언', '국가', '현행', '광주', '정부', '사업', '계획', '수요', '전북', '의원']",김윤덕,1
202,통신비 납부 내역으로 신용점수 올릴 수 있다,"['납부', '서비스', '건강', '회사', '공인', '평가', '금융', '제출', '출시', '신용', '거래', '통신비', '보험', '가사', '플랫폼', '정보', '점수', '인증', '관계자']",다수 기업 보도자료,1
203,비트코인은 환경오염의 원인이다,"['세계', '캡처', '중국', '사용', '석탄', '발전소', '전력', '수준', '전기', '팩트', '비트코인', '사진', '발전', '자료', '연간', '배출', '비율', '생산', '탄소', '증가']",일론 머스크,1
204,오세훈 시장 취임 이후 언론에서 서울 집값 상승에 긍정적 단어 사용한다,"['비교', '기사', '한국', '관련', '취임', '상승', '대상', '분석', '체크', '매체', '사용', '서울', '일보', '연관', '공시가격', '서울시', '오세훈', '시장', '부동산', '효과', '중앙', '단어', '이후', '언론', '폭등', '팩트', '상위', '보도', '부정', '제목', '집값']",팩트체크 제안,1
205,한국의 최저임금 절대 수준 아시아 18개국 중 1위다,"['비교', '그동안', '자료', '국가', '한국', '기준', '수준', '임금', '최저임금', '전경련', '가운데', '평균', '재계', '호주']",전국경제인연합회,0
206,소득 상위 5퍼센트가 세금 65퍼센트 내는 구조 문재인 정부 증세 때문이다,"['소득세', '처럼', '한국', '구조', '대상', '조세', '나라', '소득', '비중', '사용', '감소', '근로', '국민', '문재인', '정책', '세금', '종합', '분배', '정부', '상위', '보도', '자료', '우리나라', '최근']",언론 보도,0
207,전북 제3금융중심지 논의가 서울 과 부산의 국제금융도시 순위 하락 원인이다,"['세계', '경영', '한국', '결과', '개발', '평가', '금융', '성과', '근거', '산업', '분석', '활용', '조사', '도시', '국제', '기록', '중국', '환경', '경쟁력', '서울', '기준', '온라인', '변화', '변동', '이전', '지정', '세제', '지표', '하락', '주요', '발표', '지수', '경우', '확인', '언론', '분야', '논의', '순위', '발전', '방식', '자료', '센터', '지연', '전북', '부터', '기관', '지난해']",언론보도,0
208,역세권 청년주택 들어오면 집값 떨어진다,"['고시', '주택', '상승', '매매', '추이', '기준', '감소', '평균', '변동', '서울시', '소재', '거래', '준공', '아파트', '청년', '이후', '사업', '센터', '가격', '증가']","인터넷 커뮤니티, 언론 보도",0
209,가상화폐 주무부처는 금융위원회다,"['업무', '위원회', '금융위', '기획재정부', '포함', '유사', '부처', '관련', '가상', '화폐', '행위', '금융', '보도자료', '인정']",홍남기,0
210,가상화폐를 금융상품으로 취급하는 나라는 없다,"['상품', '캡처', '명시', '금융', '인정', '나라', '사용', '취급', '거래', '암호', '발언', '규정', '자산', '일본', '화폐', '경우', '팩트', '은행', '비트코인', '사진', '가상', '독일']",김부겸,0
211,강원도에서 건설되는 것은 차이나타운이 아니라 한옥단지다,"['자본', '사업', '중국', '발언', '투자', '투자자', '지사', '국민', '건설']",최문순,0
212,가상화폐 투자자 보호법은 없다,"['협회', '블록', '한국', '결과', '관련', '투자자', '국회', '국민', '보호', '법인', '위원장', '규정', '내용', '체인', '화폐', '확인', '가상', '의원', '규제']",언론사 자체 문제 제기,1
213,이재명 경기지사가 제안한 재산비례벌금제는 재산액에 비례해 벌금을 매기는 것이다,"['도입', '지적', '한국', '차등', '부과', '재산', '나라', '소득', '자신', '기준', '개인', '정책', '형법', '국가', '규정', '상태', '이재명', '언급', '경우', '개념', '용어', '교수', '하자', '제도', '시행', '지사', '금액', '의원', '연구원', '페이스북', '독일']",윤희숙,0
214,한국은행이 SPV에 8조원을 출자하겠다는 약속을 5분의 1밖에 지키지 않았다,"['운영', '채권', '재원', '코로나', '기업', '요청', '대출', '설립', '한국은행', '금융', '확인', '정부', '원내대표', '목적']",윤호중,0
215,부동산 규제 외국인에겐 느슨하다,"['은행', '부동산', '투기', '외국', '별도', '국내', '취득', '규제', '경우', '거래', '법인', '외국인', '최근']",언론 보도 및 다수 커뮤니티,0
216,박원순 서울시 시민단체에 5년간 7천억원 지원했다,"['사업', '자료', '민간', '단체', '지원', '금액', '의원', '규모', '서울시', '공모', '국민', '언론', '보도']",매일경제신문,0
217,비주택담보대출 LTV 규제 신설 LH 사태 때문이다,"['차단', '주택', '관련', '투기', '토지', '금융', '게시', '온라인', '신설', '방안', '담보', '거래', '부총리', '대출', '사태', '커뮤니티', '사건', '이번', '규제', '검토', '관계자']",온라인 커뮤니티,0
218,서초동 12억 원 실거래 아파트 공시가격 15억 원이다,"['참고', '국토교통부', '국토부', '아파트', '지난해', '매매', '면적', '공시가격', '수준', '현실', '인근', '거래', '사례', '가격', '시세', '부동산', '올해', '정도']",조은희,0
219,고위공직자들의 부동산 등 재산 공개는 엄격하게 진행되고 있다,"['주택', '전세', '셋값', '신고', '재산', '서울', '공직자', '국민', '거래', '부동산', '아파트', '면적', '보증금', '대비', '매물', '공개', '장관', '의원', '전용', '가격']",언론사 자체 문제제기,0
220,땅투기처벌강화법에 LH직원 소급처벌 주문 가능했다,"['주택', '해당', '금지', '헌법', '관련', '투기', '행위', '판단', '국회', '적용', '직원', '형법', '규정', '법률', '허용', '범죄', '원칙', '정보', '사태', '일반', '사건', '논란', '시효', '법안', '처벌', '개정안']",온라인 커뮤니티,0
221,공동주택 공시가격 상승하면 건강보험료 오른다,"['주택', '공제', '건강', '상승', '보험료', '지역', '규모', '재산', '가입자', '표준', '공시가격', '과세', '공동', '양자', '부담', '가구', '정부', '내년', '가격']",언론사 자체 문제 제기,0
222,한국 재정건전성 OECD국과 비교해 양호하다,"['비교', '기축통화', '보고서', '정부', '채권', '국가', '한국', '수준', '수요', '재정', '대비', '연구원', '비율', '경우', '건전성']",정세균,0
223,청년 세대 IMF 때보다 취업 힘들다,"['설명', '외환위기', '취업', '성장', '소득', '고용', '지금', '감소', '전문가', '의견', '수가', '코로나', '투입', '청년', '상태', '확인', '교수', '통계', '경제성장률', '당시', '상황', '실업률', '일자리']","SNS, 온라인 커뮤니티",1
224,설탕세 도입 법안의 목적은 세원확충이다,"['도입', '건강', '부과', '발의', '사용', '온라인', '음료', '국민', '소비', '세금', '국가', '부담', '내용', '판매', '금은', '목적', '인상', '커뮤니티', '권고', '병원', '의원', '법안', '가격', '개정안']",온라인 커뮤니티,0
225,신도시 땅투기 의혹 LH직원 형사처벌 받을 수 있다,"['국토부', '주택', '상대', '해당', '결과', '대책', '투기', '과정', '대상', '조사', '업무', '이하', '공직자', '청와대', '취득', '적용', '지정', '부동산', '직원', '도로', '형사', '불법', '경우', '담당', '판례', '처리', '위반', '의혹', '정보', '이용', '공공', '처벌']",언론사 자체 문제제기,1
226,김영란법 풀어야 명절 선물 매출 늘어난다,"['수산물', '지난해', '체크', '코로나', '업계', '완화', '매출', '영상', '팩트', '올해', '마트']",김현수,0
227,2020년에 OECD 모든 국가가 다 마이너스 성장을 했지만 한국은 가장 선방해서 최상위권 성장률을 유지했다,"['세계', '비교', '전망', '한국', '대통령', '분기', '성장', '회원', '이전', '문재인', '올해', '코로나', '마이너스', '국가', '발표', '통계', '상위', '경제성장률', '유지', '기자회견', '지난해']",문재인,1
228,공매도가 기관 투자자에게만 허용돼 개인 투자자들만 피해를 본다,"['예정', '공매도', '코로나', '하락', '조치', '금지', '투자자', '청원', '온라인', '주가', '개인', '전문가', '피해', '매도', '기관', '허용', '주식', '반대']",온라인 커뮤니티,0
229,문 정부 기간동안 양극화 심해져 기초생활수급자 급증했다,"['비교', '상대', '처분', '한국', '급여', '소득', '기준', '인구', '연관', '생활', '사회', '폐지', '의무', '지표', '복지', '기초', '수급', '수준', '양극화', '지니계수', '분배', '정부', '격차', '원내대표', '통계', '자료', '가능', '통계청', '의원', '증가']",유승민,0
230,최근 AI 발생에 따른 살처분에도 불구하고 계란 닭고기 오리고기 공급은 전반적으로 안정적인 상황이다,"['설명', '소비', '우려', '처분', '상승', '발생', '대비', '규모', '증가', '가격', '공급', '농식품부', '지난해', '관계자']",농림축산식품부,0
231,사회적 거리두기 3단계 격상되면 택배 마트 이용 불가능하다,"['택배', '여부', '거리', '금지', '제외', '정상', '대형', '대상', '방역', '영업', '사회', '단계', '시설', '편의점', '판매', '경우', '운영', '이용', '상황', '마트', '당국']","SNS, 온라인 커뮤니티",0
232,마트 노동자 위한 구멍 손잡이 벌레 우려 무시한 탁상행정이다,"['택배', '우려', '체크', '문제', '부담', '팩트', '건강', '지침', '하루', '정부', '행정', '노동자', '마트']",언론 보도 및 온라인 커뮤니티 이용자,0
233,K방역 홍보비로 1200억원을 사용했다,"['세계', '홍보', '예산안', '대표', '방역', '사용', '집행', '지원', '예산', '진행', '추가', '코로나', '국가', '광고', '내용', '해외', '편성', '확인', '정부', '제작', '사업', '금액']","안철수, 유승민, 주호영 등",0
234,사회적 거리두기 3단계 우려에 사재기 조짐이 보인다,"['단계', '현상', '기사', '지적', '거리', '주요', '점포', '대형', '마트', '관계자', '언론', '사회', '일부', '보도']",언론 보도,0
235,내년 2월부터 수도권 새 아파트 입주 시 전월세가 전면 금지된다 이를 어기면 LH가 매입해 공공임대주택으로 제공한다,"['국토부', '주택', '거주', '대상', '기간', '분양', '적용', '의무', '아파트', '내용', '수도권', '임대주택', '공급', '시행', '공공', '부터', '내년', '전월세', '개정안']",보수 유튜버 및 온라인 커뮤니티 이용자,0
236,토지임대부환매조건부 주택은 사회주의적 발상,"['도입', '주택', '헌법', '임대', '제한', '사회주의', '전문가', '토지', '개념', '정부', '조건', '정책']",온라인 커뮤니티,0
237,공인인증서 폐지가 아니라 이름만 바꾸는거다,"['개정', '이름', '서비스', '사용', '게시', '시행', '공인', '공유', '이번', '제도', '폐지', '개정안', '인증', '변경', '정책']",소셜미디어 이용자,0
238,문재인 정부가 중국에 우리나라 원전 기술 넘겼다,"['가동', '중국', '세대', '게시', '우리나라', '한국', '관련', '온라인', '개발', '프랑스', '기술', '정부', '수출', '원전', '원자력']",온라인 커뮤니티,0
239,코로나19 시기 여행 특화 신용카드 거래 정지 가능하다,"['카드', '은행', '여부', '이용', '일시', '시스템', '거래', '사의', '신용카드', '금융', '경우', '청구', '관계자']",언론사 자체 문제제기,0
240,아파트 공급 부족 현상은 정부 탓이다,"['국토부', '아파트', '허가', '발언', '보고서', '주택', '장관', '가구', '감소', '통계', '대비', '이전', '정부', '공급', '동기']",김현미,0
241,강력한 대주주 의결권 제한 제도를 갖는 나라들이 있다,"['관계', '지적', '우리나라', '주주', '제한', '의견', '전문가', '최대', '교수', '개정안', '나라', '제도']",경제개혁연대,0
242,은행대출 연체율 역대 최저,"['최저', '연장', '상환', '포인트', '유예', '지원', '신규', '건전성', '실제', '코로나', '기업', '은행', '이자', '연체', '대출', '사태', '가계', '국내', '증가']",금융감독원 및 다수 언론의 문제 제기,0
243,바이든의 탄소배출 억제와 재생에너지 확대 공약은 우리가 가려는 길과 일치한다,"['정책', '위원회', '투자', '비용', '추진', '당선인', '에너지', '기술', '탄소', '원전', '기후변화']",이낙연,0
244,최악의 전세난 임대차 3법 때문이 아니다,"['전세', '셋값', '장관', '임대', '서울', '시행', '상승', '임대차', '차법', '통계']",김현미,0
245,재산세율을 완화하면 중저가 1주택을 보유한 서민과 중산층은 재산세 부담이 완화된다,"['주택', '이하', '효과', '세금', '부담', '공시가격', '완화', '방안', '보유', '세율', '정부', '여당']",김태년,0
246,대만의 공시가 현실화율은 2017년 907퍼센트를 넘어섰다,"['비교', '시작', '사용', '우리나라', '한국', '기준', '공시', '부터', '현실', '연구원', '양도소득세', '목표', '계산']",국토연구원,0
247,강남에서는 현재 소유한 집보다 더 넓은 집을 살 수 없다,"['비교', '계약', '정보', '허가', '강남', '면적', '현황', '토지', '거래', '부동산']",언론사 자체 문제제기,0
248,현 상속세 최고세율50퍼센트 이승만박정희 때보다 낮다,"['공제', '재임', '대통령', '최고', '재산', '초과', '세율', '국세청', '적용', '상속세', '발언', '현행', '최대', '제도', '당시', '시대', '의원', '국내', '상속']",박용진,1
249,대치동 은마 아파트 1인 월세가 110만원,"['소득', '아파트', '가사', '임대', '고용', '비용', '의원', '신고', '국세청', '집주인', '임대료', '이유', '월세']",장혜영,0
250,한국의 부동산 실효세율 OECD 절반 수준이다,"['실효', '발언', '유세', '세금', '우리나라', '한국', '부담', '발표', '수준', '평균', '대통령', '세율', '보유', '절반', '부동산']",문재인,1
251,임대차 3법으로 임차인이 집주인과 관계가 동등해진다,"['국토부', '홍보', '전세', '임대료', '이사', '갱신', '임대차', '시장', '부동산', '정책', '현상', '임대', '상한', '입자', '정부', '계약', '매물', '임차', '현실', '전월세']",국토교통부,0
252,정부의 부동산 대책 목표대로 부동산 가격이 안정됐다,"['중위', '아파트', '강남', '부동산', '대책', '상승', '집값', '서울시', '가격', '정부', '문재인', '거래', '정책']",발언인 없음,0
253,월세나 이자전세대출이자나 세입자에게 마찬가지이다,"['이자', '은행', '전세', '대출', '월세', '조달', '지불', '보증금', '차이', '비용', '의원', '거래']",윤준병,0
254,한국 OECD 37개국 중 경제성장률 1위 예상,"['비교', '회원', '보고서', '전망', '한국', '기준', '발표', '평가', '대상', '성장', '올해', '경제성장률']",문재인,0
255,코로나19 백신 개발을 주도하고 있는 한국의 SK바이오사이언스가 내년 6월부터 연간 2억 개의 백신을 생산할 것이다,"['국제', '코로나', '발언', '한국', '관련', '지원', '후보', '연간', '개발', '국내', '생산', '측은', '진행', '바이오', '물질']",빌 게이츠,0
256,암호화폐로 얻은 범죄수익 몰수 가능하다,"['자금', '암호', '법률', '화폐', '취득', '기술', '대상', '수익', '재산', '거래', '범죄']",발언인 없음,0
257,ABC마트 데상트 무인양품 유니클로 등 일본 생활용품 브랜드의 매장 수는 일본 불매 운동 여파로 줄었다,"['매장', '운동', '서울', '일본', '감소', '불매', '유니클로', '수가', '증가']",발언인 없음,0
258,유통기한과 소비기한은 같다,"['소비자', '소비', '사용', '규정', '한국', '표시', '의미', '부회장', '관련', '식품', '유통', '확인', '국회', '연맹', '기자회견']",발언인 없음,0
259,일본 불매운동 이후 국내 일본차 판매 실제 감소했다,"['상반기', '한국', '수준', '일본', '감소', '실적', '국내', '판매', '브랜드', '수입', '이후', '수치', '확인', '실제']",발언인 없음,1
260,한국은행이 5만 원권 지폐 발행을 중단했다,"['설명', '출금', '중단', '내용', '결과', '발행', '수요', '한국은행', '지역', '인터넷', '공급', '최근']",온라인 커뮤니티 이용자,0
261,인천공항 정규직 전환 알바로 들어와 노력 없이 정규직 대우받는다,"['직원', '검색', '임금', '논란', '공사', '담당', '전환', '정규직']",청와대 국민청원,0
262,이재용 기소여부 권고할 검찰수사심의위원회는 비법률전문가들이다,"['위원', '위원회', '사람', '여부', '구성', '결정', '우려', '판단', '부회장', '의견', '전문가', '삼성', '관계', '법률', '담당', '심의', '수사', '검찰', '사건', '일반', '시민', '기소']","SNS, 인터넷 커뮤니티",0
263,두산중공업의 부실은 현 정부의 탈원전 때문이다,"['적자', '회사', '비용', '원전', '흑자', '영업', '기간', '감소', '신규', '정책', '기업', '단체', '자회사', '중공업', '정부', '정도', '사업', '호기', '지난해', '원인', '매출', '손실', '계획', '부진', '부실', '건설', '증가']",언론 보도,0
264,토지공개념은 사회주의 정책이다,"['도입', '논의', '헌법', '인터뷰', '관련', '토지', '반대', '소유', '민주당', '부터', '규제', '개념', '이득', '폐지', '원내대표', '초과', '여당', '제도']",인터넷 커뮤니티 및 SNS,0
265,한국전력공사가 중국에 매각된다,"['설명', '해당', '한국', '관련', '공사', '업체', '보유', '근거', '산업', '조건', '결정', '일부', '국제', '중국', '참여', '이상', '방법', '매각', '대한민국', '정부', '보도', '은행', '사업', '계약', '한전', '지난달', '이번', '입국', '주식']",인터넷 커뮤니티 이용자,0
266,두산 경영난 정부 탈원전 정책 때문이다,"['세계', '경영', '정부', '발전', '사업', '투자', '악화', '결과', '석탄', '전력', '중공업', '에너지', '중심', '전환', '재생에너지', '시장', '원전', '정책']",언론 보도,0
267,개인 소비자가 마스크 사재기해도 단속된다,"['고시', '물량', '관련', '식약처', '행위', '물가', '대상', '영업', '기준', '개인', '평균', '사업자', '이상', '소비자', '판매', '경우', '확인', '정부', '목적', '인상', '방식', '시행', '상황', '안정', '이번', '가격']",발언인 없음,1
268,월성 1호기 경제성 평가를 조작했다,"['가동', '발전', '호기', '전망', '한국', '결과', '이익', '치가', '과정', '현실', '관계자', '평가', '정부', '단가', '원전', '원자력', '정책']",원자력정책연대,0
269,자율주행차 타면 운전면허 딸 필요 없나,"['도입', '해당', '관련', '기능', '근거', '요건', '장치', '사고', '자동차', '통과', '사항', '관리', '단계', '면허', '안전', '경우', '목적', '제도', '시험', '차량', '운행']",인터넷 댓글 이용자,1
270,산재 사고 사망자 수 감소한 이유는 불경기로 노동자 수 감소했기 때문이다,"['설명', '공사', '취업', '노동자', '기록', '사고', '고용', '경기', '감소', '수가', '실제', '지표', '하락', '현장', '통계', '투자', '원인', '역대', '건설', '지난해', '관계자']",인터넷 뉴스 댓글 이용자,0
271,주택보유자 증가 둔화는 다주택자가 늘었기 때문,"['주택', '자료', '영향', '결과', '투기', '통계', '의원', '민주당', '부진', '보유', '증가', '정부', '공급', '부동산']",박광온,0
272,여객자동차법 개정안은 타다금지법이다,"['국토부', '업계', '업체', '대표', '발의', '자동차', '통과', '영업', '운송', '지금', '택시', '혁신', '내용', '플랫폼', '사업', '허가', '시행', '의원', '법안', '협의', '개정안']",이재웅,0
273,영화 블랙머니 속 론스타 수사대검 중수부가 사건 덮었다,"['당시', '사람', '법원', '검찰', '수사', '사건', '기소', '실제']",발언인 없음,0
274,민간보유 토지가격은 1979년 325조원이었으나 2018년 9489조 원으로 올랐다,"['비교', '국토부', '지적', '동안', '결과', '상승', '토지', '물가', '보유', '분석', '실질', '민간', '명목', '부동산', '발표', '대한민국', '교수', '승률', '가격']",경제정의실천시민연합,0
275,유니클로가 발열 내의를 나눠주니까 한국의 불매 운동이 중단됐다,"['매장', '운동', '동안', '매출', '일본', '기간', '행사', '상품', '불매', '감소', '유니클로', '부터', '이번', '지난해']",일본 트위터 이용자,0
276,30에서 40대 고용부진은 최근에 발생한 문제가 아니다,"['최근', '부총리', '원인', '고용', '인구', '감소', '부진', '취업', '이후', '제조업', '지난해']",홍남기,0
277,철도노조 요구대로 하면 주 31시간 근무로 줄어든다,"['국토교통부', '파업', '철도', '야간', '시간', '근무', '근거', '기자', '휴일', '인력', '근로시간', '차관', '요구', '노조', '전환', '정도']",김경욱,0
278,서민형 안심전환대출 지원에 나랏돈 쓰지 않는다,"['주택', '심사', '비용', '재원', '마련', '금리', '온라인', '지원', '발행', '시장', '신청', '부담', '정부', '서민', '이자', '은행', '대출', '전환', '집주인']",발언인 없음,0
279,신용카드 많이 쓰면 신용등급 올라간다,"['카드', '한도', '하락', '이용', '사용', '신용등급', '상승', '신용카드', '금융', '요인']",인터넷 커뮤니티 이용자,1
280,1990년대엔 이메일도 2010년까지는 퀵서비스 서신 배달도 불법,"['설명', '서비스', '결과', '대표', '대상', '개정', '시작', '지금', '사업자', '과거', '혁신', '규정', '불법', '확인', '위반', '제도', '사업', '당시', '배달', '본부']",이재웅,0
281,서울시 청년수당 정책 효과 입증 됐다,"['비교', '정책', '사람', '청년', '효과', '수당', '예산', '결과', '부터', '집단', '서울시', '확대', '프랑스', '입증', '제도']",서울특별시,0
282,비 오는 날 야외서 전기차 충전 해도 된다,"['설치', '전기차', '사용', '금지', '주의', '환경부', '위험성', '사항', '충전', '차량']",네이버 카페 이용자,0
283,우리나라 정부 지출은 매년 슈퍼 예산,"['비교', '예산안', '규모', '사용', '판단', '기준', '예산', '재정', '평균', '지출', '세금', '국가', '발표', '단어', '대비', '정부', '언론', '처음', '정도', '우리나라']",언론 보도,0
284,물가상승률이 급격히 낮아진 것은 수요 측 물가상승 압력 낮은 상황에서 농산물 및 석유류 가격 하락 등 공급 측 요인 때문이다,"['설명', '동향', '제외', '유류', '물가', '유가', '요인', '영향', '변동', '올해', '수산물', '소비자', '하락', '발표', '품목', '지수', '가중', '대비', '지난달', '작년', '통계청', '가격']",김용범,1
285,신용카드 리볼빙 받으면 신용등급 떨어진다,"['단계', '상환', '여부', '신용', '이용', '영향', '기준', '부정', '결제', '개인', '금액', '신용등급', '집단', '평가', '신용카드', '경우', '점검', '관계자']",온라인 커뮤니티 이용자,1
286, 2분기 가계소득 상당히 개선됐다  고령화 탓에 분배가 나빠졌다,"['개선', '동향', '일자리', '대상', '분석', '조사', '전체', '소득', '노인', '하위', '청와대', '근로', '이상', '올해', '지표', '가구', '양극화', '사업', '원인', '가계', '통계청', '증가', '지난해']",이호승,0
287,분양가 상한제 하면 오히려 집값이 오른다,"['한국', '상승', '지역', '신축', '기록', '강남', '이하', '서울', '기준', '분양', '부동산', '아파트', '발표', '상한', '확대', '집계', '이후', '통계', '승률', '집값', '가격', '최근']",언론 보도,0
288,신라젠은 문재인 수혜주로 불렸다,"['기사', '문제', '취임', '급등', '개발', '대통령', '대표', '산업', '물질', '시작', '중국', '문재인', '직원', '주가', '내용', '정부', '상장', '바이오', '허가', '의원', '페이스북', '주식', '관계자']",이언주,0
289,주52시간제 도입 이후 무리한 버스운행은 사라졌다,"['도입', '기사', '시간', '문제', '취재', '회사', '결과', '차례', '포함', '사고', '경기', '근로', '하루', '버스', '근무', '확인', '이후', '방식', '지난달', '운행', '노선']",발언인 없음,0
290,남북간 경제협력으로 평화경제가 실현된다면 단숨에 일본경제의 우위를 따라잡을 수 있다,"['세계', '중국', '라며', '발언', '지적', '효과', '수출', '상황', '일본', '무역', '수준', '전문가', '북한', '대통령', '규모', '남북', '분석']",문재인,0
291,유니클로 불매 운동을 하면 일자리가 감소하고 국내 경제에 악영향을 준다,"['설명', '결과', '불매', '중국', '영향', '감소', '기업', '직원', '유통', '유니클로', '쇼핑', '확인', '당시', '운동', '매출', '종사', '코리아', '국내', '인원', '일자리']",이언주,0
292,추경 반영 사업들의 본예산 집행실적 70퍼센트 육박,"['개선', '관련', '대책', '규모', '전체', '상환', '집행', '예산', '기준', '고용', '지원', '재정', '민주당', '창업', '추가', '의장', '상반기', '실적', '경우', '처리', '계산', '이자', '사업', '대응']",조정식,1
293,수소차의 시대는 오지 않는다,"['설명', '시간', '거리', '회사', '캘리포니아', '비용', '영상', '목표', '주유소', '전기차', '라며', '수소', '전지', '사회', '시장', '연료', '정책', '판매', '장기', '정부', '교수', '충전', '수소차', '시대']",엘론 머스크,0
294,수소 에너지는 전기만큼 저렴해질 수 있다,"['비교', '비용', '개발', '규모', '산업', '부과', '결정', '이유', '시작', '포함', '사용', '수소', '에너지', '기술', '전지', '시장', '연료', '단계', '설치', '종합', '완화', '일본', '발생', '전기', '안전', '가격', '충전', '정부', '발전', '사업', '이용', '수요', '규제', '생산', '전용', '단가']",발언인 없음,1
295,최근 3년간 양자 협의 부재로 양국간 신뢰관계가 훼손되었다,"['협의', '관계', '양자', '한국', '관련', '물자', '일본', '규제', '이후', '정부', '수출']",일본 경제산업성,0
296,일본의 탄소섬유 수출제한 조치가 국내 수소차 생산에 타격을 준다,"['한국', '업체', '산업', '국산', '저장', '전기차', '사용', '자동차', '경쟁력', '전문가', '수소', '기술', '소재', '전략', '시장', '연료', '일본', '용기', '분야', '공급', '수출', '제품', '물자', '연구', '국내', '미래', '생산', '탄소', '인증', '핵심']",발언인 없음,0
297,분양가 상한제 하면 아파트 공급이 위축된다,"['물량', '주택', '아파트', '효과', '시행', '상한', '분양', '이후', '공급']",언론 보도,0
298,2030년 수소차 누적 생산량을 내수 85만대 포함 총 180만대 2040년은 내수 290만대수출 330만대 포함 총 620만대로 확대한다,"['기구', '자원부', '비용', '과정', '목표', '산업', '전기차', '포함', '수소', '에너지', '시장', '유럽', '확대', '충전', '수출', '수소차', '통상', '방식', '생산', '독일']",산업통상자원부,0
299,한국 일본산 불화수소 북한으로 반출했다,"['포함', '수출', '우리나라', '물자', '한국', '일본', '전략', '북한', '근거', '수가', '관리']",언론 보도,0
300,일본이 수출 규제를 풀지 않으면 이달말 반도체 공장 가동이 중단될 수 있다,"['전자', '반도체', '상황', '일본', '규제', '소재', '공장', '수출']",언론 보도,0
301,작년 한국의 중위임금 대비 최저임금 비율이 65퍼센트였다,"['중위', '한국', '일본', '임금', '인용', '최저임금', '대비', '비율', '수치', '언론', '보도']",언론 보도,0
302,중소중견기업 가업을 상속하려면 65퍼센트 세금을 내야하고 손자까지 가면 90퍼센트 세금을 낸다,"['할증', '토지', '평가', '대표', '유가', '비중', '건물', '세율', '적용', '과세', '기업', '상속세', '세금', '수준', '황교안', '경우', '처음', '차지', '실효', '우리나라', '증권', '금액', '주식', '상속']",황교안,0
303,전자증권제도 제2의 유령주식 사태 막을 수 있다,"['전자', '도입', '설명', '물량', '차단', '해당', '문제', '비용', '피해', '초과', '사고', '시스템', '발행', '삼성', '관리', '거래', '발생', '등록', '이후', '교수', '제도', '운영', '정보', '권리', '증권', '안정', '기관', '효율', '주식']",발언인 없음,0
304,타다 서비스는 공유경제 모델에 부합한다,"['자본', '설명', '서비스', '시간', '업계', '모델', '산업', '활용', '개인', '기술', '소비', '자산', '공유', '이동', '개념', '플랫폼', '공급', '논란', '수요', '생산', '차량']",발언인 없음,0
305,타다 프리미엄 고급택시면허자 확보하면 운영가능하다,"['설명', '기사', '서비스', '업계', '보도자료', '택시', '서울시', '측은', '방법', '금제', '면허', '지침', '플랫폼', '카카오', '운영', '사업', '전환', '차량', '관계자']",발언인 없음,1
306,세계경제 좋은데 우리만 마이너스 성장에 고용절벽,"['세계', '마이너스', '중국', '기록', '한국', '실업률', '고용', '일본', '황교안', '대표', '성장']",황교안,1
307,주류업체 소주 도수 낮춰 원가 절감했다,"['사업', '인상', '소비자', '보고서', '업계', '소주', '절감', '비용', '물가', '가격']",한국소비자단체협의회,1
308,LTE4G 때 화웨이 장비를 사용했기 때문에 5G에서 비화웨이 장비를 쓸 수 없다,"['한국', '과정', '개발', '스마트폰', '사용', '구간', '표준', '전문가', '기술', '데이터', '방법', '의존', '기업', '사가', '일본', '경우', '교수', '제품', '방식', '상황', '사의', '장비', '선택']",LG 유플러스,0
309,소득주도성장은 실패하지 않았다 ,"['대상', '미만', '주도', '성장', '각종', '소득', '중위', '노인', '포함', '기준', '인구', '이상', '문재인', '시장', '정책', '효과', '가구', '경우', '정부', '처음', '지난해']",이강국,0
310,미국 캐나다 일본 영국 불란서프랑스 벨기에 칠레 등 수많은 선진국이 다 업종별지역별 차등화를 하고 있다,"['도입', '특정', '결과', '임금', '차등', '차별', '지역', '결정', '노동자', '연령', '영국', '최저임금', '별도', '적용', '청년', '국가', '일본', '정부', '네덜란드', '논의', '사업', '인상', '프랑스', '사례']",이혜훈,0
311,5G폰이 4G폰보다 저렴하다,"['비교', '원금', '방식', '요금', '금제', '할인', '이용', '모델', '선택', '지원', '공시', '금은', '경우', '스마트폰', '가격', '변경']",발언인 없음,0
312,문재인 정부에서 양극화 심화됐다,"['처분', '한국', '수치', '대표', '조사', '소득', '하위', '라며', '동의', '지금', '재정', '정책', '발언', '발표', '수준', '양극화', '지니계수', '이후', '정부', '격차', '통계', '가능', '작년', '가계', '통계청']",홍준표,0
313,게임중독 질병 코드 지정은 UN 아동권리협약 31조 위반이다,"['도입', '보장', '협약', '업계', '권리', '이익', '코드', '조항', '교수', '위반']",게임업계,0
314,수소는 가장 안전한 연료로 평가받는다,"['탱크', '설명', '지적', '문제', '안전성', '활용', '사고', '수소', '화학', '에너지', '기술', '연료', '가능성', '발표', '발생', '용기', '위험성', '안전', '교수', '충전', '정부', '수소차', '산업부', '이번']",정승일,0
315,정헌율 익산시장을 비롯한 도내 14개 시장 군수가 김제역 KTX정차를 동의했다,"['문제', '결과', '지역', '요구', '반대', '동의', '신설', '하루', '회의', '시장', '혁신', '이용', '지난달', '입장', '전북', '경유', '의원', '협의', '운행']",박준배,1
316,국제노동기구ILO 핵심협약 비준 시 전교조가 자동으로 합법화된다,"['노동', '개정', '핵심', '관계', '협약', '입장', '설립', '제한', '공무원', '정부', '노조', '제도']",발언인 없음,0
317,상속세 피하려 해외이주 1년 만에 27배 늘었다,"['기존', '상속세', '부담', '내용', '해외', '통계', '국내', '증가', '신고', '대상', '확인', '재산', '동기', '보도']",언론 보도,0
318,버스 노조 파업은 주52시간제 시행과 직접 관련이 없다,"['국토부', '조정', '기사', '노동조합', '시간', '취재', '임금', '요구', '근거', '쟁의', '전국', '파업', '자동차', '기준', '감소', '준공', '국토교통부', '노동', '신청', '버스', '확인', '연맹', '사업', '자료', '시행', '노조', '월급']",김현미,0
319,삼겹살 가격 급등은 아프리카돼지열병ASF 때문이다,"['돼지고기', '급등', '상승', '비용', '중국', '영향', '기준', '폭락', '도매', '평균', '단계', '유통', '대비', '농가', '인상', '수요', '국내', '수입', '수익', '가격', '증가', '관계자']",발언인 없음,0
320,우리 경제의 기초체력이 튼튼하다,"['개선', '최근', '전망', '자체', '예상', '문제', '동향', '한국', '상승', '한국은행', '대통령', '물가', '분기', '근거', '산업', '이유', '성장', '조사', '가동', '반도체', '연속', '영향', '금리', '예산', '치가', '경기', '감소', '변동', '활동', '올해', '지표', '소비자', '투입', '소비', '마이너스', '하락', '기초', '주요', '악화', '발표', '지수', '대비', '이후', '정부', '제조업', '수출', '통계', '설비', '경제성장률', '지난해', '투자', '지난달', '일반', '안정', '논란', '승률', '부진', '통계청', '숫자', '순환', '생산', '가격', '증가', '환율']",문재인,0
321,세계적으로 화폐단위 변경에 성공한 사례가 극히 드물다,"['세계', '한국', '상승', '추진', '물가', '존재', '국제', '가치', '북한', '사회', '시장', '터키', '정책', '국가', '화폐', '단위', '경우', '이후', '교수', '논의', '변경', '당시', '시행', '우리나라', '안정', '부터', '프랑스', '사례']",다음뉴스 댓글 이용자,0
322,소득주도성장이라는 말은 상당히 세계적으로 족보가 있는 이야기,"['지적', '임금', '소주', '대통령', '근거', '주도', '경제학', '성장', '나라', '소득', '주의', '고용', '이론', '분배', '정부', '교수', '반박', '인상', '강조', '생산', '실험', '증가', '사례']",문재인,0
323,LPG차를 전면 허용하면 미세먼지 저감 효과가 있다,"['휘발유', '자동차', '모델', '기준', '석유', '배출', '에너지', '규제', '충전', '가스']",발언인 없음,0
324,지난 1년 동안 30대 기업 중 압수수색 안 당한 곳이 한 군데도 없다,"['위원회', '한국', '동안', '결과', '회사', '현황', '대상', '자유', '조사', '포함', '기준', '집단', '국회', '진행', '최소', '지정', '기업', '발언', '자산', '정유', '발표', '분야', '정부', '통계', '공정', '순위', '자료', '공시', '의원', '국내', '지난해']",정유섭,0
325,전두환 추징금 시효 내년이면 만료된다,"['검찰', '집행', '확보', '환수', '부터', '시효', '연장', '추가']",언론 보도,0
326,사교육비 폭증은 학생부종합전형학종 때문이다,"['최근', '축소', '결과', '상승', '물가', '최고', '분석', '조사', '전체', '비중', '기록', '참여', '영향', '감소', '평균', '이용자', '하락', '종합', '대비', '교육', '정부', '원인', '이용', '증가', '학생', '지난해']",네이버뉴스 댓글 이용자,1
327,베네수엘라는 세계에서 가장 물가가 싼 나라다,"['세계', '방식', '사람', '통화', '가치', '나라', '결과', '의미', '기준', '발표', '화폐', '물가', '가격', '터키', '도시']",이코노미스트 인텔리전스 유닛,0
328,유류세 내려서 미세먼지 늘어났다,"['용량', '미세먼지', '원인', '차량', '유류', '경유', '석유', '비량', '증가', '분석', '지난해', '올해']",언론 보도,0
329,정부의 핀셋인상에 따라 공시 가격이 고가 주택 위주로 인상됐다,"['고가', '주택', '대상', '부과', '조사', '공시가격', '기준', '서울', '평균', '거래', '시세', '올해', '아파트', '공동', '종부세', '가구', '정부', '인상', '작년', '공시', '승률', '현실', '이번', '전용', '가격', '지난해']",국토교통부,0
330,신용카드 소득공제가 폐지되면 최고 50만원 가량 세 부담이 늘어난다,"['근로자', '세금', '부담', '한국', '공제', '연봉', '신용카드', '경우', '정도', '연맹', '폐지', '제도']",한국납세자연맹,0
331,신용카드 소득공제 축소는 서민 증세,"['근로자', '수단', '중산층', '사용', '축소', '부담', '공제', '연구', '결제', '변화', '연봉', '감소', '금액', '비율', '신용카드', '폐지', '서민', '증가']",한국납세자연맹,1
332,한국의 노동3권은 세계 최고 수준이다,"['개선', '경영', '세계', '위원회', '보고서', '노동조합', '한국', '관련', '행위', '요구', '인정', '이유', '쟁의', '노동자', '대체', '전체', '개정', '부분', '요건', '파업', '판단', '기준', '의견', '근로', '노조', '직장', '노동', '관계', '구제', '규정', '형사', '발표', '수준', '논의', '제도', '협약', '권리', '처벌', '핵심']",한국경영자총협회,0
333,부의 양극화와 경제적 불평등이 세계에서 가장 극심한 나라가 됐다,"['세계', '비교', '한국', '공제', '금융', '조사', '나라', '소득', '회원', '기준', '사회보장', '데이터', '파악', '시장', '지표', '세금', '국가', '지니계수', '분배', '경우', '상위', '연금', '제시', '자료', '가계']",문재인,0
334,김대중 노무현 정부 시절 대북지원액 중 순수 현금은 40만 달러,"['자료', '이사', '한국', '대북', '기준', '지원', '내용', '센터', '통계', '계산', '북한', '현금', '남북', '차관', '정부', '통일부', '팩트', '노무현']",유시민,0
335,탈원전으로 LNG 발전이 늘어 미세먼지가 두배로 급증한다,"['설명', '부문', '결과', '제출', '원전', '전량', '석탄', '국회', '국민', '연료', '정책', '시설', '수급', '전력', '대비', '정부', '기존', '설비', '발전', '자료', '계획', '배출', '입법조사처', '의원', '증가', '미세먼지']","최연혜, 나경원",0
336,편의점 사업 점주는 가난해지고 본사만 살찌고 있다,"['매장', '최저', '일부', '동의', '영업', '지원', '기간', '최저임금', '하락', '편의점', '일본', '보전', '운영', '보장', '계약', '작년', '매출', '이익', '점포', '부터', '의원', '국내', '수익']",우원식,0
337,손 쉬운 가입 인터넷뱅킹 적금 깨거나 수시 신용조회 시 신용등급 하락,"['은행', '상환', '적금', '연체', '조회', '서비스', '신용', '사용', '영향', '대출', '개인', '평가', '신용카드', '금융', '거래', '신용등급']",온라인 커뮤니티,0
338,국내 건설사들의 장기 해외건설공사 현장에서는 독립적인 회계를 작성하지 않는다,"['부분', '수출', '문제', '독립', '우리나라', '해외', '한국은행', '지사', '공사', '국내', '현지', '조항', '경우', '적용', '건설', '통계']",한국은행,0
339,한국은행의 새 국제수지 매뉴얼 BPM6 도입으로 국민소득과 국제수지 통계간의 정합성이 높아졌다,"['도입', '수출', '문제', '결과', '기준', '한국은행', '실제', '표현', '제기', '격차', '적용', '통계']",발언인 없음,0
340,일자리의 질은 지속개선되고 있다,"['지표', '보험', '고용', '임금', '일자리', '민주당', '비율', '최고', '증가']",박광온,1
341,7월부터 코픽스 도입해도 대출금리 별로 안 떨어진다,"['비용', '가정', '규모', '금리', '기준', '신규', '적용', '자금', '효과', '조달', '최대', '계산', '정도', '이자', '은행', '대출', '가계', '절감', '산정']",시중은행 관계자들,0
342,국민연금의 스튜어드십 코드 도입은 연금 사회주의,"['도입', '경영', '위원회', '문제', '주주', '사회주의', '행사', '시작', '사용', '투자자', '코드', '운용', '기업', '책임', '정부', '논의', '연금', '대기업', '국민연금', '국내', '기관']",언론 보도,0
343,위례 포레자이는 4억 원짜리 로또 아파트,"['최근', '아파트', '인근', '분양', '지역', '법인', '거래', '시세', '보도']",언론 보도,0
344,상속세 때문에 창업주 일가가 회사를 포기한 눈물의 경영권 매각 사례 사실일까,"['매각', '경영', '보고서', '비교', '상속세', '우리나라', '내용', '취재', '회장', '결과', '유지', '창업', '상속']",한국경영자총협회,0
345,원전미세먼지 무관,"['가동', '보고서', '감축', '문제', '연관', '석탄', '전력', '발생', '온실가스', '화력발전', '에너지', '정부', '이산화탄소', '원자력', '원전', '미세먼지', '기후변화']",김의겸,0
346,현 정부가 화력발전소를 7기나 새로 지어 화력발전소 비중이 증가했다,"['발전', '비중', '자료', '석탄', '정부', '전량', '발전소', '원전', '증가']",나경원,1
347,교육부가 직접 필요성을 입증한 법만 남기는 방식으로 교육 규제 완화했다,"['교육부', '위원회', '완화', '결과', '개혁', '회장', '대통령', '규제', '교육', '대상', '정비', '폐지', '입증']",이종태,1
348,임대등록 안 하면 국세청이 소득확인 불가,"['소득', '주택', '임대', '등록', '사업자', '신고', '파악', '경우']",인터넷 루머,0
349,공시지가가 인상되면 세금 폭탄,"['연금', '인상', '우려', '주택', '세금', '유세', '기초', '공시가격', '기준', '대상', '정부', '폭탄', '서민']",언론 보도,0
350,미국의 최저임금이 새해 최대 44퍼센트 인상됐다,"['비교', '인상', '기사', '작년', '한국', '인용', '최저임금', '지역', '뉴스', '적용', '올해']",언론 보도,0
351,조만간 수출 7000억 달러를 달성 가능,"['가능성', '반도체', '하락', '중국', '전망', '올해', '유가', '무역', '둔화', '목표', '가격', '수출', '성장', '지난해', '달성']",홍남기,0
352,최저임금 산정위원회에 최저임금 당사자인 소상공인 자영업자들이 위원으로 들어가 있지 않다,"['경영', '위원', '위원회', '세계', '근로자', '우리나라', '한국', '인구', '공인', '최저임금', '자영', '업자', '비율', '대표', '사용자']",홍준표,0
353,직장 갑질은 법으로 막을 수 있다,"['사업', '해당', '금지', '문제', '주가', '직장', '법안', '개정안', '지난해']",발언인 없음,0
354,최저임금법 시행령 개정안 수정안이 기업에 과도한 부담이 된다,"['근로자', '시간', '시행', '지급', '부담', '임금', '최저임금', '주휴수당']",경영계,0
355,스타벅스가 국내 커피 전문점 시장에서 독주하고 있다,"['매장', '경영', '위원회', '거리', '제외', '이유', '스타벅스', '영업', '기준', '브랜드', '신규', '시장', '거래', '가맹', '커피', '언론', '보도', '매출', '점포', '국내', '지난해']",언론 보도,0
356,주휴시간의 포함은 사업주의 부담을 키우고 최저임금법을 위반하는 범법자로 몰고가는 것이다 ,"['최저임금법', '경영', '인상', '기본', '기업', '각종', '포함', '시간', '근로자', '부담', '개편', '수당', '임금', '체계', '최저임금', '위반']",한국경영자총협회,0
357,수상태양광발전소는 중금속 범벅이다,"['제품', '시험', '사용', '환경', '한국', '영향', '결과', '논란', '태양광', '에너지', '국내', '연구원', '생산', '분석', '최근', '물질']",언론 보도,0
358,이 멸종위기를 맞았다,"['세계', '보고서', '지난해', '중국', '독일', '한국', '관련', '감소', '전문가', '에너지', '재생에너지', '원전', '전량', '원자력', '왜곡']",슈나이더,0
359,전력 산업 개방하면 국민 편익 상승한다,"['도입', '발전', '개방', '요금', '기업', '회사', '전력', '전기', '판매', '산업', '가격', '경쟁', '영국']",이언주,0
360,주세법 개정으로 4캔 1만원 퇴출,"['제품', '방식', '국산', '세금', '수입', '신고', '가격', '적용']",인터넷 루머,0
361,카드수수료 인하 일반소비자 혜택 즉각 영향 받지 않을 것,"['카드', '소비자', '할인', '포함', '서비스', '업계', '축소', '이용', '상품', '금융', '혜택', '부가', '수수료']",최종구,0
362,서울 집값은 하락 중,"['하락', '아파트', '대출', '영향', '서울', '부동산', '대책', '의미', '집값', '이번', '규제', '가격', '매매']",언론 보도,1
363,한국 신재생에너지 뒤쳐져 부끄러운 수준,"['발전', '정부', '한국', '캘리포니아', '수준', '확대', '비율', '에너지', '목표', '재생에너지', '문재인', '원전', '제도']",문재인,1
364,고위험 낙인 P2P 파생상품 정말 위험,"['사람', '문제', '상품', '업체', '금융', '구조', '투자자', '담보', '원금', '자금', '이름', '위험성', '최대', '기존', '카카오', '은행', '투자', '대출', '위험', '전북']",금융감독원,0
365,우리나라 법인세 과도하게 높다,"['한국', '최고', '조세', '전체', '소득', '법인세', '평균', '세율', '적용', '기업', '국가', '부담', '주요', '수준', '상위', '대기업', '실효', '우리나라', '과도', '지난해']",손경식,0
366,보험사들 보험 가입자 상대로 지나친 이자 장사,"['보험사', '가입자', '소비자', '계약', '이자', '적금', '대출', '보험', '금리', '담보', '최고']",발언인 없음,0
367,우리 경제 고용 상황이 나아지고 있다,"['개선', '취업', '대통령', '목표', '성장', '정규직', '전체', '소득', '기록', '고용', '포인트', '인구', '감소', '평균', '청와대', '전문가', '업자', '수가', '상용', '동기', '올해', '하락', '상반기', '가구', '수준', '대비', '정부', '수출', '근로자', '지난달', '작년', '가계', '자영', '증가']",문재인,0
368,글로벌 경기는 순항 우리 경제는 하강 국면,"['세계', '인상', '글로벌', '전망', '한국', '금리', '영향', '무역', '황교안', '연구원', '유가', '올해', '경제성장률']",황교안,0
369,새누리당은 경제민주화 때문에 몰락하기 시작,"['위원', '시작', '대선', '위원회', '한국', '입장', '대책', '발표', '비상', '자유']",전원책,0
370,암호화폐 오입금 복구는 불가능하다,"['가능성', '은행', '구제', '블록', '암호', '시스템', '체인', '화폐', '경우', '확인', '방법', '코인', '계좌']",인터넷 루머,0
371,524조치 해제하려면 미국 승인 받아야 한다,"['조치', '제재', '발언', '장관', '대북', '관련', '대통령', '확인', '정부', '승인']",트럼프,0
372,국민연금공단 기금운용본부가 전주로 이전한 후 해외투자자가 국민연금을 패싱한다,"['홍보', '업계', '서울', '국민연금', '해외', '공단', '부터', '이전', '기금', '금융', '국민', '언론', '전주', '본부', '지난해', '운용']",언론 보도,0
373,남의 땅에 묻은 조상묘 20년만 지나면 토지사용권 인정된다,"['설치', '사람', '소유자', '문제', '시행', '지사', '후보', '토지', '이전', '인정']",인터넷 루머,0
374,추석 물가가 하향 안정됐다,"['소득', '하락', '정보', '차례', '결과', '안정', '비용', '정부', '가격', '지난해']",기획재정부,0
375,청와대를 비롯한 주요 부처들이 예산 지침을 어기고 업무추진비를 사용이 금지된 곳에서 사적으로 유용한 사례를 무수히 발견했다,"['카드', '업무', '사용', '한국', '부처', '집행', '예산', '추진', '청와대', '의원', '지침', '코드', '확인', '정부']",심재철,0
376,기금운용본부장CIO 인선난은 국민연금공단 기금운용본부의 전북 이전 때문이다,"['문제', '결과', '체크', '서울', '지원', '공단', '생활', '이전', '공모', '전주', '운용', '공동', '부가', '팩트', '보도', '당시', '원인', '국민연금', '전북', '기금', '본부']",언론 보도,0
377,한국만 탈원전 갈라파고스,"['가동', '사고', '한국', '일본', '전력', '선진국', '건설', '원전', '정책']",발언인 없음,0
378,그린벨트 해제하면 집값이 내려간다,"['국토부', '주택', '차례', '상승', '수요', '투기', '공급', '집값', '서울시', '수도권', '가격', '시기']",발언인 없음,0
379,삼겹살 기름을 화력발전 대체연료로 사용할 수 있다,"['비중', '사용', '자원', '결과', '발표', '배출', '화력발전', '전용', '원료', '확인', '실제', '바이오', '연료', '보도']",산업통상자원부,1
380,자유한국당 의원 다수가 강남에 집이 있다,"['주택', '조정', '강남', '한국', '제외', '의원', '민주당', '지역', '보유', '이상', '대상', '확인', '비율', '미래', '자유', '부동산']",발언인 없음,1
381,부동산 대책에 빚을 내 세금 내야 할 판,"['인상', '아파트', '주택', '전세', '세금', '자금', '대출', '종부세', '대책', '가구', '이번', '보유', '폭탄', '부동산']",언론 보도,0
382,취업자 수 증가폭 둔화는 생산가능인구 감소탓,"['동월', '개선', '일자리', '취업', '판단', '고용', '인구', '예산', '비판', '둔화', '감소', '이상', '상용', '올해', '투입', '대비', '정부', '통계', '근로자', '가능', '통계청', '생산', '증가']",장하성,0
383,인터넷전문은행 은산분리 규제 한국만 유독 엄격,"['자본', '경영', '은행', '대기업', '허용', '장치', '우리나라', '주주', '주요', '확보', '일본', '소유', '보유', '이상', '규제', '인터넷', '산업', '당국']",최종구,1
384,불법체류 외국인 한국에 3개월만 살면 건강보험 혜택 받는다,"['개선', '한국', '동안', '건강', '혜택', '보험료', '거주', '지역', '외국인', '미만', '일부', '영국', '가입자', '보건복지부', '마련', '기간', '이상', '국회', '국민', '직장', '신청', '보험', '경우', '근로자', '허가', '제공', '국내', '입국', '개정안', '사례']",발언인 없음,0
385,내년 예산 공무원만 2배 이상 늘린다,"['국가', '올해', '계획', '예산', '의원', '예산안', '내년', '공무원', '이상', '정부', '국회', '심의']",장제원,0
386,은행에게 전세 자금 대출 이득,"['은행', '출시', '전세', '대출', '자체', '민간', '자금', '상품', '보증', '과거', '공급']",발언인 없음,0
387,연소득 7000만원 이상 고소득자,"['소득세', '주택', '전세', '보증', '공사', '금융', '대상', '초과', '소득', '중위', '제한', '기준', '지원', '근로', '정책', '자금', '가구', '정부', '대출', '이용', '월세']",발언인 없음,1
388,2분기 소득부문 가계동향조사 결과는 신뢰도 문제가 있으며 특히 시계열적으로 분석한 것은 오류다,"['소득', '상대', '표준', '동향', '결과', '가계', '통계청', '의원', '조사', '통계']",심상정,0
389,서울의 주택공급은 2022년까지 충분하다,"['아파트', '주택', '사람', '입장', '서울', '부동산', '발표', '가구', '수요', '공급', '신규', '정부', '시장', '통계', '올해']",국토교통부,0
390,청와대 공식 SNS 계정 게시물 속 경제 통계 그래프 정확히 그려졌다,"['시작', '공개', '한국', '고용', '청와대', '단위', '숫자', '업자', '수치', '자영', '페이스북', '실제', '통계']",청와대,1
391,스마트팜 혁신밸리는 대기업의 농업진출 우회도로이다 ,"['전국', '사업', '기업', '혁신', '참여', '연구', '계획', '재배', '기술', '창업']",전국농민총연맹,0
392,일본 정부는 전기요금에 개입할 여지조차 없다 ,"['요금', '조정', '전력', '일본', '의원', '전기', '규제', '정부', '가격', '자유', '제도']",홍익표,0
393,김동연 경제부총리가 삼성 이재용 부회장에게 머리를 조아렸다,"['사진', '당시', '부총리', '인사', '내용', '취재', '부회장', '논란', '현장', '영상', '유통', '삼성']",인터넷 루머,0
394,누진제로 저소득층 배려할 수 있다,"['소득', '요금', '상대', '사용', '한전', '입장', '가구', '부터', '전기', '사용자']",한국전력공사,0
395,원전 가동에 터무니없는 왜곡,"['가동', '호기', '발언', '산업부', '수급', '전력', '계획', '대통령', '정비', '사항', '언론', '공급', '원전', '해명', '왜곡']",문재인,0
396,우리나라의 내년 최저임금은 OECD 국가들 중 높은 편이다,"['순위', '인상', '국가', '우리나라', '한국', '최저임금', '대비', '내년', '올해']",인터넷 루머,1
397,카드사가 이제까지 재벌 가맹점에만 수수료 특혜를 줘왔다 ,"['카드', '사가', '편의점', '결제', '대형', '의원', '수수료', '마트']",김진표,0
398,편의점 신규점포는 기존점포 250m 내 출점하면 안 된다,"['전국', '협회', '금지', '거리', '가맹', '편의점', '기준', '점포', '기존']",전국편의점가맹점협회,0
399,기업만 소득이 늘었다,"['전자', '소득', '기업', '비중', '부담', '가계', '평균', '세수', '증가', '지난해', '전체']",홍영표,0
400,한국의 부동산 세부담은 외국에 비해 낮다,"['비중', '유세', '우리나라', '부담', '한국', '기준', '국가', '세수', '대비', '부동산', '전체']",김동연,1
401,일반 소주는 증류주가 아니다,"['세계', '결과', '온라인', '일반', '소주', '원료', '과정', '화학', '브랜드', '대표', '지난해']",인터넷 루머,0
402,한진 조양호 회장의 부인 이명희씨는 분노조절장애로 인한 심신미약으로 선처를 받을 수 있다,"['해당', '판단', '법원', '사건', '경우', '대상', '처벌', '실제']",발언인 없음,0
403,고용 근로자의 임금이 다 늘었고 특히 저임금 근로자 쪽의 임금이 크게 증가했으며 근로소득의 불평등이 개선되는 등 고용의 질이 크게 개선됐다 국내 경기도 개선되고 있다,"['개선', '기구', '한국', '임금', '상승', '대통령', '근거', '미만', '주도', '성장', '전체', '소득', '국제', '하위', '판단', '고용', '경기', '감소', '최저임금', '둔화', '재정', '근로', '기간', '상용', '올해', '가능성', '지표', '반면', '효과', '국가', '해석', '지수', '정부', '격차', '통계', '근로자', '인상', '제시', '사업', '지난달', '가계', '논란', '통계청', '순환', '증가', '생산', '지난해']",문재인,0
404,서울시장 취임 첫날 재개발 재건축 도장을 찍겠다,"['설명', '위원회', '해당', '한국', '취임', '공약', '조건', '도시', '통과', '서울', '기간', '서울시', '정비', '이상', '최소', '가능성', '절차', '서울시장', '후보', '경우', '처리', '심의', '변경', '사업', '허가', '주민', '계획', '재개발', '상황', '재건축', '행정', '관계자']",김문수,0
405,정부 지원으로 통신비가 더욱 저렴해졌다,"['카드', '기업', '요금', '지적', '업계', '통신비', '지원', '제목', '뉴스', '부터', '관계자', '국민', '정부', '재원', '시장', '정책']",과학기술정보통신부,0
406,일자리가 줄었다는 표현을 쓰는데 사실 일자리는 계속 늘고 있다,"['동월', '실업률', '통계청', '청와대', '취업', '대비', '일자리', '수석', '표현', '증가']",반장식,0
407,지난 3월 방한 중국인 관광객은 40만명,"['중국', '포함', '중국인', '통계', '공사', '법무부', '증가', '입국', '정부', '지난해', '방문']",문화체육관광부,0
408,삼성생명은 삼성전자 주식 20조를 팔아야 한다,"['전자', '매각', '처분', '자산', '기준', '규모', '보유', '당국', '삼성', '실제', '주식']",언론 보도,0
409,한국GM의 부실 GM 본사의 먹튀 탓,"['지출', '보고서', '대출', '원인', '한국', '금리', '기준', '부담', '해외', '자회사', '매출', '부실', '과도', '생산', '거래', '의혹']",전국민주노동조합총연맹,0
410,강남 부동산 폭등의 주된 원인은 박근혜 이명박 정부의 주택시장 규제 대폭 완화 때문,"['주택', '박근혜', '강남', '영향', '기준', '서울시', '과거', '시장', '부동산', '정책', '서울시장', '정부', '폭등', '심의', '사업', '허가', '원인', '재개발', '집값', '재건축', '지난해']",박원순,0
411,다산신도시 실버택배 지원은 형평성에 어긋난다,"['전국', '사업', '택배', '아파트', '노인', '한국', '지원', '논란', '개발', '인력']",발언인 없음,0
412,삼성 백혈병 관련 작업환경보고서가 핵심기밀,"['전자', '보고서', '위원회', '법원', '해당', '결과', '위치', '결정', '포함', '환경', '영업', '삼성', '공장', '판결', '고용노동부', '공정', '정보', '공개', '생산']",삼성전자,0
413,임대주택 들어오면 주변 집값 떨어진다,"['보고서', '주택', '상승', '지역', '임대료', '분석', '반대', '소득', '환경', '영향', '서울', '논문', '평균', '주변', '이상', '하락', '아파트', '청년', '효과', '임대주택', '경우', '공급', '주민', '재개발', '집값', '가격']",발언인 없음,0
414,삼성증권 사태는 무차입 공매도,"['지적', '문제', '금지', '결과', '실질', '시스템', '증권사', '제한', '진행', '삼성', '실제', '거래', '자본시장', '공매도', '부총리', '상태', '주가', '사태', '증권', '이번', '매도', '주식', '계좌']",김동연,0
415,삼성증권 배당실수로 잘못 들어온 주식 팔아치운 직원들 횡령죄,"['관계', '직원', '적용', '발행', '증권', '매도', '인정', '주식']",법조계,1
416,대외경제정책연구원의 유럽 사무소 설치 예산을 전액 삭감했다,"['사업', '요청', '심사', '발언', '설립', '관련', '예산', '유럽', '의견', '과정', '예산안', '연구원', '편성', '국회', '반영']",김기식,0
417,북한 여행자 보험 상품 정말 없나,"['보험사', '설명', '관계', '취급', '보험', '상품', '부터', '북한', '국내', '현지', '판매', '남북', '통일부']",통일부,0
418,최저임금 인상은 경제에 악영향을 미친다,"['실질', '인상', '영향', '상황', '최저임금', '가운데', '경제성장률', '지난해', '전체']",발언인 없음,0
419,정부가 중소기업 취업 청년에게 연간 1000만원을 지원하면 연봉이 재직자보다 많아질 것이다,"['청년', '지원', '연간', '연봉', '취업', '이상', '경우', '정부', '중소기업']",언론 보도,0
420,합계출산율은 2018년 122로 올라설까,"['가능성', '제시', '기록', '인구', '통계청', '감소', '이후', '추계', '지난해', '올해']",통계청,0
421,담배값 인상 정책은 흡연율을 낮추는 효과가 없다,"['인상', '효과', '한국', '영향', '수준', '감소', '규제', '가격']",발언인 없음,0
422,에버랜드 땅값은 2015년 제일모직삼성물산의 합병과 무관하다,"['당시', '표준', '영향', '내용', '측은', '삼성', '해명', '보도']",삼성,0
423,청년내일채움공제 신청하면 2년간 회사의 노예,"['근로자', '기업', '청년', '지급', '공제', '금액', '취업', '이상', '전용', '정부', '중소기업']",발언인 없음,0
424,국민연금 소득대체율을 인상할 필요 있다,"['연금', '소득', '국제', '회원', '조정', '한국', '국민연금', '수준', '사회보장', '대체']",문재인,1
425,대기업이 총수의 지배력 확대를 위해 공익재단을 활용한다,"['대기업', '운영', '확대', '집단', '보유', '수익', '주식', '조사']",발언인 없음,0
426,유가 오르면 정유회사도 돈 번다,"['부문', '유사', '상승', '구조', '유가', '국제', '휘발유', '화학', '기업', '정유', '판매', '경우', '분야', '제품', '수요', '사의', '경유', '수입', '생산', '원료', '수익', '가격']",발언인 없음,0
427,정부 한국GM에 3조원 지원할까,"['기재부', '투자', '자료', '참여', '한국', '차관', '입장', '지원', '신규', '정부', '조건', '해명', '거부', '보도']",언론 보도,0
428,미국의 철강 통상압력 외교실책 탓인가,"['중국', '포함', '한국', '제외', '수입', '대상', '정부', '부과', '수출']",자유한국당,0
429,법원이 재벌이나 대기업 총수 등 경제범죄에 대해 관대하다,"['결과', '회장', '대법원', '이상', '경우', '사례', '분석', '양형', '범죄']",관련인 없음,1
430,수소전기차 충돌하면 폭발할까,"['탱크', '전기차', '시험', '사용', '안전성', '자동차', '수소', '에너지', '폭탄']",관련인 없음,0
431,만경봉 92호 방남은 대북제재 위반인가,"['예정', '당시', '조치', '제재', '이용', '금지', '한국', '대북', '관련', '발표', '치가', '북한', '대상', '정부', '인천', '위반', '통일부']",관련인 없음,0
432,소상공인들이나 중소기업들이 일자리안정자금을 몰라 신청을 안한다,"['신청', '자금', '보험', '고용', '지원', '안정', '공인', '일자리']",정부 당국자,0
433,농촌 46퍼센트 최저임금 대상,"['근로자', '장관', '인구', '임금', '분야', '최저임금', '종사', '통계청', '근로시간', '수치', '경우', '대상', '진행', '미만', '부가', '반영', '조사', '통계']",김영록,0
434,케이뱅크 인가 과정에 특혜가 있었나,"['위원회', '여부', '문제', '주주', '의미', '과정', '행사', '금융', '개정', '요건', '취급', '의견', '평균', '정책', '특혜', '혁신', '공동', '주가', '내용', '최대', '카카오', '인터넷', '위반', '은행', '당시', '투자', '금융위', '시행', '증권', '의원']",케이뱅크,0
435,종교인 과세는 정교분리 원칙에 어긋난다,"['과세', '특혜', '원칙', '종교인', '헌법', '종교', '한국', '규정', '국가', '의미', '단체', '시행', '활동', '국민', '과도', '인정', '자유']",개신교 종교인과세TF,0
436,정부지원을 받는 한국형 가상화폐 출범,"['사업', '사진', '기사', '상태', '관련', '지원', '가상', '화폐', '행사', '언론', '정부', '뉴스', '보도']",관련인 없음,0
437,한국산 세탁기 저가 공세로  시장 침해 했다는 월풀 주장 사실일까,"['전자', '제품', '영업', '포인트', '상승', '점유', '피해', '수입', '업체', '가격', '삼성', '시장', '결정', '지난해', '올해']",월풀,0
438,이해진 전 네이버 이사회 의장 구글 세금안내고 고용없다,"['검색', '문제', '한국', '업계', '결과', '규모', '마련', '고용', '비판', '시장', '기업', '발언', '의장', '세금', '광고', '공식', '지난달', '매출', '역차별', '코리아', '국내', '생각', '관계자']",이해진,0
439,문재인 대통령이 KEB하나은행 문제에 관심을 갖고 조치를 취해달라는 금융노조의 요청에 즉석에서 대응을 지시했다,"['각종', '요청', '당시', '인사', '위원장', '발언', '문제', '부처', '회장', '청와대', '대통령', '금융', '대응', '정부', '노조', '관계자']",금융노조,0
440,주유소 기름값 국제유가 따라 움직일까,"['유사', '상승', '석유', '유가', '주유소', '국제', '추이', '영향', '변동', '소비자', '반면', '정유', '판매', '경우', '공급', '제품', '인상', '국내', '반영', '가격', '관계자']",관련인 없음,0
441,자신의 신용등급이 궁금해서 호기심에 신용조회 해보거나 신용카드 신규 가입 대출 의뢰 등을 할 때 신용조회를 하게 되는데 신용조회를 하면 신용등급이 하락하나,"['상환', '연체', '하락', '정보', '기록', '조회', '신용', '출금', '대출', '평가', '이상', '경우', '신용등급']",관련인 없음,0
442,김영란법 시행으로음식점에서만 8조5천억원의 매출 감소가 전망된다,"['보고서', '전망', '시행', '한국', '매출', '연구원', '이상', '보도자료', '조사']",한국경제연구원,0
443,특수학교가 들어서면 집값이 떨어진다,"['교육부', '주택', '가운데', '지역', '반대', '전국', '설립', '공시가격', '서울시', '수가', '부동산', '시설', '공동', '경우', '이후', '교육', '통계', '발전', '주민', '센터', '집값', '가격', '학생', '최근']",관련인 없음,0
