row_id,row_id,내용,상세내용,주장/검증 매체,label,빈도순,group_id
0,0,한국에서는 팁 문화가 불법이다,"['국내', '최대', '모빌리티', '플랫폼', '카카오', '지난달', '택시', '기사', '서비스', '도입', '이용', '사이', '논란', '박스', '통해', '지불', '공식', '일부', '음식점', '카페', '국내', '최대', '모빌리티', '플랫폼', '서비스', '도입', '한국', '문화', '우려', '목소리', '가운데', '최근', '한국', '문화', '불법', '이유', '온라인', '커뮤니티', '사이트', '공유', '해당', '게시', '사실', '근거', '중부일보', '대해', '팩트', '체크', '카카오', '서비스', '도입', '가운데', '온라인', '커뮤니티', '한국', '문화', '불법', '주장', '제기', '택시', '업계', '택시', '운송', '사업', '발전', '법률', '요금', '부과', '규제', '대해', '규제', '조항', '음식점', '경우', '식품위생법', '시행', '규칙', '부가가치세', '봉사', '포함', '실제', '지불', '가격', '게시', '손님', '자발', '지불', '규제', '법률', '전문가', '역시', '자발', '불법', '해석', '따라서', '한국', '문화', '불법', '주장', '대체로', '사실', '판단', '검증', '대상', '온라인', '커뮤니티', '게시', '한국', '문화', '불법', '식품위생법', '시행', '규칙', '확인', '택시', '운송', '사업', '발전', '법률', '확인', '서울', '행정법원', '판결', '확인', '임호균', '변호사', '전화', '인터뷰', '정현', '변호사', '서면', '인터뷰', '검증', '앞서', '한국', '현재', '대한', '별도', '정의', '규정', '이번', '검증', '봉사', '동일', '개념', '보고', '실제', '국립국어원', '말로', '봉사', '제시', '변호사', '로부터', '봉사', '일선', '무방', '자문', '택시', '업계', '요금', '부과', '규제', '호텔', '업계', '봉사', '폐지', '권고', '택시', '업계', '경우', '택시', '운송', '사업', '발전', '법률', '택시', '운수', '종사', '준수', '사항', '운임', '요금', '행위', '해선', '명시', '택시', '운송', '사업', '발전', '법률', '내용', '설명', '실제', '지난', '외국인', '요금', '택시', '운전자', '자격정지', '처분', '구합', '다만', '해당', '판결', '택시', '기사', '요금', '부과', '문제', '판결', '문상', '대한민국', '동아시아', '제한', '존재', '액수', '보통', '요금', '내외', '형성', '일반', '명시', '자체', '위법성', '지적', '최근', '논란', '카카오', '감사', '시범', '서비스', '경우', '택시', '운행', '종료', '최소', '금액', '선택', '지불', '선택', '사항', '강제']",온라인 커뮤니티 게시물,0,"['택시', '한국', '요금', '문화', '불법', '법률', '봉사', '서비스', '지불', '업계', '운송', '사업', '발전', '규제', '카카오', '도입', '온라인', '커뮤니티', '게시', '부과', '경우', '실제', '검증', '확인', '판결', '변호사']",0
1,1,7만 원짜리 잼버리 텐트를 25만 원에 납품했다,"['새만금', '세계', '스카우트', '잼버리', '조직', '위원회', '각국', '대표', '제공', '인용', '텐트', '가격', '시중', '가격', '이상', '납품', '비리', '의혹', '등장', '일부', '유튜버', '누리꾼', '지난', '잼버리', '직위', '각국', '대표', '제공', '인용', '텐트', '회사', '텐트', '가격', '비교', '텐트', '둔갑', '주장', '인용', '버펄로', '잼버리', '텐트', '인터넷', '판매', '가격', '회사', '버펄로', '텐트', '인용', '가격', '원대', '이상', '차이', '일부', '인터넷', '매체', '근거', '잼버리', '보급', '텐트', '차익', '단순', '계산', '주장', '실제', '잼버리', '납품', '텐트', '가격', '이상', '사실', '일부', '유튜버', '누리꾼', '잼버리', '직위', '각국', '대표', '제공', '인용', '텐트', '회사', '텐트', '가격', '비교', '텐트', '둔갑', '납품', '비리', '의혹', '제기', '잼버리', '직위', '텐트', '제작', '책정', '예산', '정도', '사업', '현금', '원금', '감안', '실제', '납품', '가격', '정도', '잼버리', '텐트', '납품', '가격', '이상', '의혹', '동일', '제품', '소비자', '가격', '납품', '가격', '오인', '전혀', '사실', '판정', '검증', '대상', '잼버리', '텐트', '납품', '네티즌', '의혹', '최근', '일부', '유튜버', '누리꾼', '사이', '잼버리', '텐트', '둔갑', '의혹', '확산', '출처', '새만금', '세계', '스카우트', '잼버리', '조직', '위원회', '각국', '대표', '제공', '인용', '텐트', '가격', '시중', '가격', '이상', '납품', '비리', '의혹', '등장', '일부', '유튜버', '누리꾼', '지난', '잼버리', '직위', '각국', '대표', '제공', '인용', '텐트', '회사', '텐트', '가격', '비교', '텐트', '둔갑', '주장', '인용', '버펄로', '잼버리', '텐트', '인터넷', '판매', '가격', '회사', '버펄로', '텐트', '인용', '가격', '원대', '이상', '차이', '일부', '인터넷', '매체', '근거', '잼버리', '보급', '텐트', '차익', '단순', '계산', '주장', '실제', '잼버리', '납품', '텐트', '가격', '이상', '사실', '검증', '방법', '잼버리', '직위', '텐트', '납품', '가격', '원대', '원금', '감안', '먼저', '이번', '잼버리', '제공', '텐트', '납품', '가격', '확인', '새만금', '세계', '스카우트', '잼버리', '조직', '위원회', '아래', '직위', '이번', '대회', '참가자', '텐트', '인용', '매트', '제공', '텐트', '인용', '매트', '위해', '직위', '지난', '텐트', '매트', '제작', '부문', '공식', '후원', '긴급', '모집', '입찰', '참여', '가운데', '버펄로', '텐트', '에프', '선정', '당시', '직위', '참가자', '예상', '텐트', '매트', '제작', '위해', '예산', '예산', '이상', '현금', '현물', '용역', '후원', '조건', '새만금', '세계', '스카우트', '잼버리', '조직', '위원회', '지난해', '참가자', '예상', '텐트', '매트', '제작', '후원', '모집', '위해', '예산', '책정', '세계', '스카우트', '잼버리', '직위']",인터넷 커뮤니티,0,"['텐트', '잼버리', '가격', '인용', '납품', '직위', '이상', '제공', '의혹', '일부', '세계', '스카우트', '각국', '대표', '회사', '버펄로', '매트', '새만금', '조직', '위원회', '유튜버', '누리꾼', '둔갑', '주장', '인터넷', '제작', '예산', '비리', '지난', '비교', '원대', '실제', '사실', '참가자', '위해', '후원']",1
2,2,직원 16만 명인데 임원 14만 명 새마을금고 조직구조 희한하다,"['한국', '신문', '새마을금고', '부실', '사태', '관련', '방만', '경영', '관리', '부실', '사태', '원인', '하나로', '임원', '전체', '직원', '절반', '육박', '왜곡', '조직', '구조', '꼽았다', '금융', '임원', '비율', '새마을금고', '비교', '정도', '보도', '새마을금고', '금융', '견줘', '비판', '신용조합', '새마을금고', '조직', '구조', '지주회사', '금융', '비교', '확인', '새마을금고', '지역', '금고', '중앙회', '모두', '각각', '독립', '법인', '한국', '경제', '직원', '임원', '임원', '비율', '보도', '내용', '개별', '새마을금고', '모두', '종합', '계산', '김영신', '시장경제', '학회', '회장', '새마을금고', '금고', '의사결정', '개별', '수행', '일반', '금융', '단순', '비교', '무리', '지적', '임원', '비율', '왜곡', '직구', '따라서', '새마을금고', '임원', '직구', '주장', '전혀', '사실', '판정', '새마을금고', '임원', '직원', '절반', '박해', '직구', '왜곡', '새마을금고', '사태', '화두', '한국', '경제', '신문', '한경', '지난', '새마을금고', '부실', '사태', '관련', '방만', '경영', '관리', '부실', '사태', '원인', '하나로', '임원', '전체', '직원', '절반', '육박', '왜곡', '조직', '구조', '꼽았다', '기사', '제목', '직원', '임원', '새마을금고', '직구', '기사', '포털', '다음', '섹션', '인기', '기사', '기록', '한경', '기사', '금고', '개별', '의사결정', '이사회', '금고', '별로', '임원', '금고', '설명', '금융', '임원', '비율', '새마을금고', '비교', '정도', '보도', '신용조합', '새마을금고', '조직', '구조', '지주회사', '금융', '비교', '농협', '신문', '취재', '결과', '전문가', '다른', '업종', '임원', '비율', '서로', '비교', '접근', '농협', '신문', '새마을금고', '조직', '구조', '왜곡', '한국', '신문', '직원', '임원', '새마을금고', '조직', '구조', '기사', '기사', '지난', '인터넷', '지면', '먼저', '다음', '날인', '지면', '신문', '한국', '경제', '갈무리', '새마을금고', '금융기관', '달리', '독립', '법인', '구성', '서울', '시내', '새마을금고', '지점', '모습', '연합뉴스', '새마을금고', '지역', '금고', '새마을금고', '중앙회', '아래', '중앙회', '지역', '금고', '특정', '행정구역', '경제권', '생활권', '업무', '구역', '남양주', '동부', '새마을금고', '지역', '지역', '금고', '여러', '지역', '금고', '공동', '설립', '중앙회', '중앙회', '개별', '금고', '수행', '한계', '업무', '가령', '국제', '협력', '사업', '조사', '연구', '지역', '금고', '대한', '규제', '지원', '수행', '다지', '금고', '중앙회', '모두', '독립', '법인', '남양주', '동부', '새마을금고', '서울', '강동', '새마을금고', '새마을금고', '명칭', '별도', '사업', '체다', '회계', '처리', '임원', '직원', '구성', '중앙회', '지역', '금고', '독립', '법인', '대해', '새마을금고', '측은', '울타리', '다른', '이름', '가지', '설명']",언론보도,0,"['새마을금고', '임원', '금고', '지역', '직원', '중앙회', '신문', '조직', '구조', '금융', '비교', '기사', '한국', '사태', '왜곡', '비율', '부실', '독립', '법인', '개별', '직구', '절반', '보도', '모두', '경제', '수행']",2
3,3,국내에서 포집한 이산화탄소를 해외 저장소에 저장할 수 있다,"['탄소', '중립', '녹색', '성장', '위원회', '우리나라', '탄소', '중립', '위해', '탄소', '포집', '저장', '기술', '사용', '과정', '국내', '국외', '탄소', '장소', '확보', '계획', '발표', '실제', '포집', '이산화탄소', '해외', '장소', '저장', '팩트', '체크', '국내', '포집', '이산화탄소', '저장', '국내', '장소', '용량', '탄소', '저장', '사례', '정부', '탄소', '중립', '달성', '위해', '국내', '포집', '탄소', '해외', '저장', '계획', '해외', '저장', '비용', '국제', '규범', '마련', '선례', '이산화탄소', '수출', '허용', '개정안', '발효', '사국', '비준', '사국', '개국', '비준', '따라서', '국내', '포집', '이산화탄소', '해외', '장소', '저장', '주장', '대체로', '사실', '판정', '검증', '대상', '국내', '포집', '이산화탄소', '해외', '장소', '저장', '탄소', '중립', '녹색', '성장', '위원회', '주장', '검증', '내용', '탄소', '중립', '위해', '국내', '포집', '탄소', '국내', '장소', '저장', '대체로', '사실', '정부', '탄소', '중립', '위해', '이산화탄소', '저장', '계획', '정부', '탄소', '중립', '시나리오', '연간', '연간', '탄소', '저장', '계획', '탄소', '중립', '녹색', '성장', '국가', '전략', '국가', '계획', '탄소', '저장', '계획', '국내', '탄소', '저장', '잠재', '저장', '소가', '추정', '실제', '탄소', '저장', '사례', '산업', '통상', '자원부', '해양수산부', '발표', '지질', '자원', '연구원', '합동', '연구', '국내', '유망', '탄소', '장소', '용량', '평가', '연간', '동안', '저장', '규모', '여기', '유망', '구조', '추가', '발견', '가정', '저장', '추정', '정부', '계획', '해외', '장소', '기대', '국내', '저장', '가능', '용량', '설정', '나머지', '해외', '저장', '처리', '계획', '안도', '해외', '저장', '계획', '산업', '통상', '자원부', '해양수산부', '공동', '발표', '자료', '계획', '해도', '규모', '해외', '장소', '확보', '유망', '장소', '보령', '서해', '군산', '분지', '저장', '가능성', '확인', '기초', '탐사', '시작', '당초', '지난해', '가을', '시추', '시작', '허가', '절차', '기상', '여건', '사고', '가까이', '한국', '일보', '보도국', '장소', '사용', '가능', '여부', '확인', '생산', '중단', '동해', '가스전', '산업', '통상', '자원부', '실증', '사업', '해도', '하반기', '저장', '시작', '탄소', '장량', '탄소', '중립', '위해', '국내', '포집', '탄소', '해외', '장소', '저장', '대체로', '사실', '국내', '포집', '탄소', '해외', '장소', '저장', '기술', '외교', '한계', '해외', '장소', '확보', '탄소', '해외', '저장', '경우', '비용', '온실가스', '배출', '추가', '효율', '탄소', '중립', '해법', '보기', '대체로', '사실', '판정', '린다', '해외', '탄소', '저장', '국내', '저장', '비용', '추가', '탄소', '배출', '한국', '기업', '호주', '동티모르', '사이', '티모르', '바유', '가스전', '고갈', '이후', '탄소', '저장', '프로젝트', '진행', '중이', '보도자료', '프로젝트', '목적', '블루', '수소', '생산', '블루', '소란', '화석연료', '탄소', '포집', '수소', '공정은', '단계', '호주', '다윈', '생산', '충남', '보령', '터미널', '보령', '블루', '수소', '생산', '탄소', '포집', '포집', '탄소', '액화', '다시', '다윈', '임시', '저장', '이후', '해저', '파이프라인', '통해', '바유', '가스전', '액화', '탄소', '감축', '기업', '해외', '장소', '확보', '문제', '이로', '탄소', '비용', '발생', '호주', '다윈', '보령', '거리', '해양', '환경', '공단', '탄소', '계산기', '운반', '거리', '운항', '경우', '탄소', '배출', '거리', '수송', '여러', '조건', '실제', '배출량', '탄소', '저장', '위해', '탄소', '배출', '딜레마']",2050탄소중립녹색성장위원회,0,"['탄소', '저장', '장소', '해외', '국내', '포집', '중립', '계획', '위해', '이산화탄소', '확보', '정부', '비용', '대체로', '사실', '보령', '생산', '배출', '녹색', '성장', '발표', '실제', '용량', '연간', '산업', '통상', '자원부', '유망', '추가', '시작', '가스전', '호주', '블루', '수소', '다윈', '거리']",3
4,4,저출산이 GDP 순위 하락 요인이다,"['이창용', '한국은행', '총재', '지난', '금융통화위원회', '통화정책', '방향', '회의', '기자간담회', '한국', '국내총생산', '순위', '지난해', '위로', '추락', '원인', '무엇', '질문', '저출산', '고령화', '경쟁력', '둔화', '성장', '의견', '총재', '순위', '하락', '요인', '환율', '중장', '기적', '저출산', '고령화', '문제', '라며', '개혁', '때문', '경쟁력', '둔화', '설명', '저출산', '순위', '하락', '인과관계', '이창용', '한국은행', '총재', '지난', '금융통화위원회', '통화정책', '방향', '회의', '기자간담회', '한국', '국내총생산', '순위', '지난해', '위로', '추락', '원인', '무엇', '질문', '총재', '환율', '중장', '기적', '저출산', '고령화', '문제', '라며', '개혁', '때문', '경쟁력', '둔화', '설명', '한국은행', '산업', '연구원', '보건', '분석', '연구소', '자료', '분석', '결과', '총재', '주장', '대체로', '사실', '판명', '이창용', '한국은행', '총재', '지난', '서울', '중구', '한국은행', '금융통화위원회', '관련', '기자간담회', '뉴시스', '검증', '대상', '이창용', '한국은행', '총재', '지난', '금융통화위원회', '통화정책', '방향', '회의', '기자간담회', '한국', '국내총생산', '순위', '지난해', '위로', '추락', '원인', '무엇', '질문', '총재', '환율', '중장', '기적', '저출산', '고령화', '문제', '지적', '저출산', '순위', '하락', '인과관계', '검증', '방법', '한국은행', '지난해', '한국', '명목', '시장', '환율', '적용', '순위', '교육', '자료', '국민계정', '우리', '경제', '참조', '저출산', '고령화', '경제', '영향', '분석', '정책', '시사', '산업', '연구원', '미국', '워싱턴', '대학', '의과대학', '보건', '분석', '연구소', '구진', '영국', '의학', '란셋', '게재', '논문', '검증', '내용', '총재', '기자회견', '순위', '하락', '원인', '하나로', '중장', '기적', '저출산', '고령화', '문제', '라며', '개혁', '때문', '경쟁력', '둔화', '설명', '국가', '경쟁력', '하락', '성장', '경제', '규모', '순위도', '총재', '진단', '우선', '우리나라', '순위', '한국은행', '한국', '지난해', '명목', '시장', '환율', '적용', '시장', '환율', '적용', '세계', '수준', '추정', '국가', '별로', '미국', '달러', '중국', '달러', '일본', '달러', '독일', '달러', '영국', '달러', '호주', '달러', '세계', '수준', '지난해', '위로', '계단', '하락', '한국은행', '지난해', '한국', '명목', '시장', '환율', '적용', '순위', '제공', '한국은행', '총재', '설명', '순위', '하락', '원인', '저출산', '문제', '사실', '산업', '연구원', '발간', '저출산', '고령화', '경제', '영향', '분석', '정책', '시사', '보고서', '생산', '연령', '인구', '비율', '포인트', '감소', '평균', '감소', '분석']",이창용,1,"['총재', '순위', '한국은행', '저출산', '지난해', '고령화', '하락', '환율', '한국', '분석', '달러', '원인', '경쟁력', '문제', '이창용', '지난', '금융통화위원회', '기자간담회', '위로', '둔화', '중장', '기적', '설명', '시장', '적용', '경제', '통화정책', '방향', '회의', '국내총생산', '추락', '무엇', '질문', '라며', '개혁', '때문', '산업', '연구원', '검증', '명목']",6
5,5,한국이 선진국에 비해 실업급여 퍼준다,"['정부', '여당', '실업', '급여', '개편', '박차', '사람', '주자', '골자', '실업', '급여', '비롯', '고용', '보험', '제도', '안정화', '선진국', '비교', '한국', '퍼주기', '근로', '의욕', '정부', '여당', '주장', '구직', '실업', '급여', '마구잡이', '국민', '시럽', '급여', '단어', '정부', '여당', '세운', '논리', '팩트', '사실', '한국', '일보', '한국', '선진국', '실업', '급여', '퍼준다', '주장', '한국', '소득', '실업', '급여', '최저임금', '지급', '구직', '지적', '한국', '실업', '급여', '수급', '기간', '선진국', '간과', '개월', '실업', '급여', '한국', '선진국', '보통', '개월', '기준', '정부', '설명', '역시', '일반', '어려움', '네덜란드', '스웨덴', '프랑스', '핀란드', '개월', '기준', '다만', '스웨덴', '매월', '최소', '근무', '세부', '조건', '명시', '또한', '한국', '국가', '달리', '자발', '실업자', '실업', '급여', '지급', '따라서', '해당', '주장', '대체로', '사실', '판정']",국민의힘,0,"['급여', '실업', '한국', '정부', '선진국', '여당', '주장', '개월']",7
6,6,지구 평균기온 오르면 세계경제 성장률 내려간다,"['폭우', '폭염', '극한', '기후', '지구촌', '한국', '극한', '호우', '장마', '전국', '폭염', '주의보', '미국', '유럽', '현상', '관련', '극한', '기후', '기업', '생산', '공급', '차질', '물가', '상승', '압박', '우려', '지구', '평균기온', '세계', '경제', '성장', '주장', '팩트', '체크', '베트남', '가뭄', '동반', '엘니뇨', '전력', '반도체', '생산', '차질', '산불', '홍수', '기상이변', '원자재', '곡물', '가격', '급등', '유엔', '식량', '농업', '구가', '지목', '엘니뇨', '취약', '세계', '생산량', '스위스리', '연구소', '지구', '평균기온', '세계', '손실', '분석', '홍종호', '서울대', '교수', '한국', '강수량', '예측', '토대', '한국', '경제', '피해', '규모', '전망', '치의', '전망', '지구', '평균기온', '상승', '세계', '경제', '성장', '하락', '간접', '영향', '주기', '때문', '대체로', '사실', '판정', '검증', '대상', '지구', '평균기온', '세계', '경제', '성장', '검증', '방식', '참고', '자료', '검토', '전문가', '인터뷰', '검증', '내용', '세계기상기구', '현지', '시각', '폭염', '북반구', '대부분', '지역', '일일', '온도', '관측', '기록', '경신', '이탈리아', '남부', '시칠리아', '일부', '지역', '스페인', '카탈루냐', '지역', '중심', '더위', '세계기상기구', '발표', '자료', '일부', '한국', '이번', '장마철', '폭우', '극한', '기후', '전형', '기상청', '지난달', '전국', '평균', '누적', '강수량', '국내', '전국', '단위', '기상', '관측', '시작', '이후', '역대', '장마철', '강수량', '월스트리트저널', '파이낸셜타임스', '주요', '외신', '국제', '금융', '센터', '글로벌', '반도체', '생산', '기지', '급부', '베트남', '가뭄', '전자', '애플', '협력', '폭스콘', '공장', '지난달', '생산', '차질', '베트남', '수력발전', '비중', '가뭄', '동반', '엘니뇨', '전력', '난이', '때문', '김우진', '국제', '금융', '센터', '연구원', '아시아', '신흥', '수력발전', '감소', '석탄', '천연가스', '수요', '증가', '에너지', '가격', '다시', '상승', '압력', '가능성', '상존', '분석', '베트남', '전력', '생산', '수력', '한국', '무역', '협회', '자재', '곡물', '시장', '기후', '변화', '촉각', '호주', '소맥', '광물', '인도', '소맥', '동남아', '광물', '팜유', '남미', '광물', '각종', '농산물', '최근', '산불', '홍수', '기상', '이변', '수급', '차질', '우려', '커피콩', '품종', '로부', '스타', '원두', '선물', '가격', '올해', '가까이', '카카오', '지난달', '최고', '유엔', '식량', '농업', '구가', '지목', '엘니뇨', '취약', '인도네시아', '베트남', '필리핀', '세계', '생산', '차지']",언론사 자체 문제 제기,1,"['생산', '세계', '한국', '베트남', '극한', '기후', '차질', '지구', '평균기온', '경제', '엘니뇨', '폭염', '전국', '상승', '성장', '가뭄', '전력', '가격', '강수량', '검증', '지역', '지난달', '광물']",8
7,7,한국에서는 팁 문화가 불법이다,"['후쿠시마', '오염수', '대한', '국가', '갈등', '시작', '당시', '일본', '정부', '도쿄', '전력', '후쿠시마', '이치', '원자력', '발전소', '알프스', '처리', '태평양', '방류', '정책', '발표', '태평양', '공유', '나라', '반응', '제각각', '해류', '처리', '수가', '가장', '먼저', '도착', '미국', '캐나다', '한국', '중국', '러시아', '피지', '남태평양', '섬나라', '반발', '목소리', '싱가포르', '말레이시아', '북미', '지역', '분위기', '최근', '견지', '국제', '원자력', '기구', '지난', '후쿠시마', '처리', '방류', '관련', '위험', '물질', '의미', '수준', '중간', '보고서', '결과', '신뢰', '분위기', '각국', '후쿠시마', '공통', '워드', '온도', '상황', '사건', '교도통신', '보도', '발전소', '근처', '우럭', '기준', '치의', '세슘', '세슘', '우럭', '위험성', '한국', '수산업', '영향', '대한', '우려', '한국', '수산업', '방사', '여성', '신문', '검증', '후쿠시마', '발전소', '근처', '우럭', '모니터링', '일반', '어로', '활동', '물고기', '일본', '정부', '후쿠시마', '바다', '박제', '내항', '구역', '관리', '내항', '방사성', '오염', '물질', '바닥', '상황', '세슘', '우럭', '알프스', '처리', '헤엄', '후쿠시마', '원전', '사고', '이후', '한국', '정부', '연안', '대한', '방사', '농도', '분석', '동해안', '방사성', '물질', '농도', '변화', '세슘', '우럭', '한국', '수산업', '영향', '주장', '사실', '검증', '대상', '김교흥', '민주당', '의원', '원전', '주변', '방사', '세슘', '범벅', '우럭', '국민', '안전', '생명', '주장', '검증', '지난', '김교흥', '민주당', '의원', '페이스북', '게시', '출처', '김교흥', '의원', '페이스북', '캡처', '검증', '방법', '정동욱', '중앙대', '에너지', '시스템', '학부', '교수', '인터뷰', '정범', '경희대', '원자력공학', '교수', '인터뷰', '한덕수', '국무총리', '정부', '질문', '답변', '연합뉴스', '세슘', '우럭', '일본', '교도통신', '보도', '정부', '지난', '한국', '해수', '핵종', '평균', '방사', '농도', '변화', '정부', '원산지', '표시', '전수', '조사', '보도자료', '해양수산부', '식품의약품안전처', '일본', '수산물', '수입', '금지', '방사', '검사', '실시', '조치', '일본', '처리', '포털사이트', '검증', '내용', '준치', '세슘', '우럭', '일본', '방출', '처리', '관련', '한국', '국민', '먹거리', '안전', '위협', '확인', '결과', '한국인', '한국', '수산업', '일본인', '일본', '수산업', '일본', '위기', '정동욱', '중앙대', '에너지', '시스템', '학부', '교수', '인터뷰', '도쿄전력', '발전소', '근처', '그물', '물고기', '방사성', '물질', '상황', '관찰', '후쿠시마', '원전', '사고', '초기', '알프스', '거치', '오염수', '지역', '강조', '연합뉴스', '언론사', '보도', '일본', '교도통신', '지난', '원전', '호기', '바다', '방파제', '중량', '우럭', '식품위생법', '기준', '치의', '베크렐', '세슘', '발표', '당시', '매체', '방사성', '물질', '농도', '비교', '점도', '실제', '세슘', '우럭', '방사성', '물질', '농도', '측정', '모니터', '일반', '어로', '활동', '통해', '물고기', '부각', '일본', '정부', '후쿠시마', '바다', '방파제', '내항', '그로', '반경', '안과', '구역', '관리', '내항', '방사성', '오염', '물질', '바닥', '세슘', '우럭', '방사성', '물질', '농도', '측정', '모니터', '일반', '어로', '활동', '통해', '물고기', '부각', '네모', '박스', '지점', '항만', '안이', '해당', '물고기', '지점', '출처', '일본', '처리', '포털사이트', '세슘', '우럭', '알프스', '처리', '헤엄', '줄곧', '오염수', '세슘', '농도', '이유']",온라인 커뮤니티 게시물,0,"['우럭', '세슘', '일본', '후쿠시마', '처리', '한국', '물질', '정부', '방사성', '농도', '수산업', '방사', '검증', '물고기', '발전소', '알프스', '지난', '내항', '원전', '오염수', '대한', '상황', '교도통신', '보도', '근처', '일반', '어로', '활동', '바다', '김교흥', '의원', '교수', '인터뷰']",9
8,8,아일랜드가 법인세 인하로 유럽 최빈국에서 최고 부자 국가가 됐다,"['국민', '김기현', '대표', '국회', '교섭단체', '대표', '연설', '아일랜드', '법인세', '인하', '세계', '최고', '부자', '나라', '주장', '주요', '쟁점', '법인세', '인하', '국가', '성장', '요인', '아일랜드', '실제', '부자', '국가', '노컷뉴스', '법인세', '인하', '아일랜드', '영향', '아일랜드', '법인세', '인하', '유럽', '최빈국', '최고', '부자', '국가', '주장', '검증', '아일랜드', '김기현', '대표', '법인세', '인하', '결과', '전문가', '법인세', '투자가', '일반', '법인세', '인하', '아일랜드', '왜곡', '주장', '제기', '법인세', '아일랜드', '성장', '기여', '국제', '조세', '회피', '전략', '외부', '요인', '성장', '포함', '아일랜드', '법인세', '인하', '유럽', '최빈국', '최고', '부자', '국가', '주장', '절반', '사실', '판정', '검증', '대상', '아일랜드', '법인세', '인하', '세계', '최고', '부자', '나라', '주장', '검증', '방법', '참고', '자료', '검토', '세계', '은행', '연도', '아일랜드', '국내총생산', '추이', '세계', '은행', '연도', '아일랜드', '성장', '추이', '통계청', '국가', '장래', '구수', '트레이딩', '코노', '믹스', '국가', '법인', '세율', '무역', '투자', '진흥', '공사', '아일랜드', '최빈국', '선진국', '자본시장', '연구원', '아일랜드', '경제성장', '배경', '관련', '논의', '통계청', '연도', '회원', '실업률', '추이', '자유기업원', '법인세', '인하', '보고서', '연구소', '논문', '트릭', '논문', '연구', '논문', '전문가', '인터뷰', '이화여대', '서병훈', '경제학', '교수', '인터뷰', '인천대', '기용', '경제학', '교수', '인터뷰', '김학수', '선임', '연구', '위원']",김기현,0,"['아일랜드', '법인세', '인하', '국가', '부자', '주장', '세계', '최고', '성장', '대표', '최빈국', '검증', '연도', '추이', '논문', '인터뷰']",10
9,9,외국인 건강보험에 상호주의 적용할 수 있다,"['한중', '관계', '냉각', '해묵', '외국인', '건강', '보험', '무임', '승차', '논란', '다시', '도마', '국민', '김기현', '대표', '지난달', '국회', '교섭단체', '대표', '연설', '외국인', '건강', '보험', '적용', '역시', '상호', '주의', '중국', '우리', '국민', '등록', '건강', '보험', '피부', '양자', '범위', '우리나라', '중국인', '등록', '건강', '보험', '피부', '양자', '범위', '중국인', '혜택', '상호', '주의', '입각', '한중', '관계', '재정', '역설', '말로', '싱하', '주한', '중국', '대사', '중국', '베팅', '후회', '강경', '발언', '대한', '대응', '해석', '나라', '건강', '보험', '제도', '국내', '거주', '외국인', '갈수록', '상황', '실제', '외국인', '건강', '보험', '상호', '주의', '적용', '방안', '타당성', '국민', '김기현', '대표', '중국', '보험', '제도', '관련', '외국인', '건강', '보험', '적용', '상호', '주의', '발언', '중국', '비롯', '해외', '의료', '보험', '제도', '한국', '달라', '직접', '비교', '어려움', '사회보장', '상호주', '원칙', '규정', '헌법', '지적', '존재', '현행', '국민', '건강', '보험', '세계인권선언', '사회보장', '외국인', '차별', '원칙', '외국인', '건강', '보험', '불이익', '해외', '사례', '논문', '외국인', '가입자', '우리나라', '건강', '보험', '재정', '보기', '어려움', '따라서', '해당', '발언', '대체로', '사실', '판정', '검증', '대상', '외국인', '건강', '보험', '적용', '역시', '상호', '주의', '국민', '김기현', '대표', '국회', '교섭단체', '대표', '연설', '검증', '방법', '논문', '한국', '중국', '건강', '보험', '제도', '비교', '연구소', '논문', '중국', '의료', '보험', '소고', '피부', '양자', '제도', '중심', '법무부', '출입국', '외국인', '정책', '통계', '월보', '호우', '리나', '사회보장', '기본', '우리나라', '국민', '건강', '보험', '우리나라', '외국인', '용법', '국제', '앰네스티', '한국', '지부', '홈페이지', '세계인권선언', '논문', '외국인', '근로자', '대한', '사회보장', '제도', '개선', '방안', '연구', '우리나라', '헌법', '국민', '건강', '보험', '공단', '건강', '보험', '연구원', '국회', '보건', '복지', '위원회', '최혜영', '의원', '제출', '자료', '세계', '정보', '센터', '유엔', '국제', '이주', '노동자', '권리', '협약', '김기현', '대표', '국회', '교섭단체', '대표', '연설', '발언', '언론', '보도', '국민', '건강', '보험', '공단', '외국인', '보험료', '부과', '대비', '급여', '현황', '논문', '외국인', '국민', '건강', '보험', '가입', '현황', '이용', '특성', '분석', '변진', '옥등', '국회', '입법조사처', '보고서', '외국인', '건강', '보험', '제도', '현황', '가입자', '수용성', '개선', '방향', '참조', '논문', '근거', '자료', '검증', '내용', '근대', '사회보장', '제도', '핵심', '의료', '보장', '제도', '도입', '독일', '질병', '보험', '제도', '시작', '영국', '여러', '나라', '확산', '주요', '선진국', '정치', '경제', '사회', '상황', '천차만별', '크게', '국가', '보건', '서비스', '사회', '보험', '방식', '민간', '보험', '방식', '가지', '유형', '국민', '의료', '문제', '국가', '관점', '일반', '조세', '재원', '국가', '모든', '국민', '무상', '의료', '서비스', '제공', '방식', '영국', '캐나다', '스웨덴', '이탈리아', '포르투갈', '해당', '반면', '자기', '책임', '원칙', '우선', '시해', '개인', '납부', '보험료', '주요', '재원', '삼고', '정부', '지원', '감독', '역할', '오토', '비스마르크', '독일', '수상', '처음', '제안', '비스마르크', '방식', '독일', '프랑스', '벨기에', '네덜란드', '일본', '대만', '한국', '여기', '민간', '의료', '보험', '공적', '의료', '보장', '체계', '대신', '미국', '스위스', '대표', '근거', '자료', '참조']",김기현,0,"['보험', '건강', '외국인', '국민', '제도', '대표', '중국', '의료', '논문', '국회', '상호', '주의', '우리나라', '사회보장', '김기현', '적용', '발언', '한국', '방식', '교섭단체', '연설', '피부', '양자', '원칙', '검증', '자료', '현황', '독일', '국가']",11
10,10,불황에 복권 판매 증가한다,"['경기', '불황', '소위', '심리', '복권', '판매', '증가', '기반', '보도', '반복', '매년', '복권', '판매', '발표', '시기', '불황', '복권', '판매', '증가', '기반', '언론', '보도', '경기', '지표', '복권', '판매', '추이', '비교', '실제', '상관관계', '찾기', '상품', '출시', '발행', '규제', '다른', '요인', '영향', '나타남', '따라서', '불황', '복권', '판매', '증가', '전혀', '사실', '검증', '대상', '연간', '복권', '판매', '실적', '발표', '시기', '불황', '복권', '판매', '증가', '인용', '보도', '실제', '불황', '복권', '판매', '증가', '검증', '검증', '방법', '경제성장률', '복권', '판매', '추이', '비교', '복권', '위원회', '복권', '백서', '관련', '연구', '확인', '검증', '내용', '최근', '대표', '불황', '시기', '복권', '판매', '증가', '불황', '복권', '판매', '상관', '확인', '위해', '먼저', '언제', '불황', '인지', '규정', '불황', '기본', '자본주의', '경제', '생산', '소비', '경제활동', '침체', '의미', '불황', '종류', '기준', '원인', '무척', '통상', '기업', '실적', '투자', '감소', '소비', '위축', '실업자', '증가', '증시', '하락', '불황', '요소', '불황', '여부', '판단', '대표', '지표', '경제성장률', '지난해', '우리나라', '경제성장률', '기록', '불황', '수치', '지난해', '우리나라', '복권', '판매', '대비', '증가', '기록', '사상', '처음', '원대', '돌파', '코로나', '사태', '경제성장률', '기록', '복권', '판매', '대비', '증가', '사상', '처음', '원대', '기록', '경기', '복권', '판매', '변화', '우리나라', '경제성장률', '기록', '코로나', '사태', '여파', '다소', '완화', '마이너스', '성장', '기록', '효과', '복권', '판매', '대비', '증가', '기록', '경제', '표상', '불황', '보기', '복권', '판매', '증가', '글로벌', '금융위기', '전후', '경기', '복권', '판매', '의미', '상관관계', '찾기', '경제성장률', '추락', '복권', '판매', '대비', '증가', '경제성장률', '기록', '이듬해', '복권', '판매', '대비', '증가', '기록', '경제성장률', '기록', '복권', '판매', '대비', '급증', '기록', '사상', '최악', '경제', '위기', '외환위기', '시기', '경제성장률', '곤두박질', '복권', '판매', '대비', '감소', '불황', '복권', '판매', '반면', '경제성장률', '기록', '회복', '돌입', '복권', '판매', '대비', '증가', '기록', '복권', '판매', '증가', '요인', '복권', '위원회', '발간', '복권', '백서', '통해', '일반', '경기', '복권', '통설', '언론', '복권', '단골', '메뉴', '이용', '실정', '우리나라', '경우', '복권', '매출', '추이', '복권', '매출', '크게', '증가', '예외', '상품', '출시', '또한', '복권', '매출', '크게', '감소', '경우', '온라인', '복권', '판매', '가격', '인하', '발행', '규제', '거나', '연금', '복권', '초기', '게임', '방식', '매출', '증가', '하나', '일정', '기간', '경과', '흥미', '판매', '현상', '기인', '분석', '복권', '위원회', '이연호', '충북대학교', '의뢰', '경제', '상황', '복권', '매출', '상관관계', '연구', '결과', '복권', '백서', '복권', '백서', '복권', '백서', '확인', '해당', '연구', '결과', '복권', '불황', '상품', '일부', '견해', '사실', '과학', '근거', '복권', '매출', '장기', '실질', '소득', '규모', '증가', '추세']",다수 언론보도,0,"['복권', '판매', '증가', '불황', '기록', '경제성장률', '대비', '매출', '경기', '백서', '시기', '검증', '경제', '우리나라', '보도', '추이', '상관관계', '상품', '위원회', '연구', '확인', '감소', '사상']",12
11,11,주가 폭락 사태는 공매도 세력 탓이다,"['주가조작', '의혹', '핵심', '인물', '덕연', '투자자', '대표', '공매도', '세력', '최근', '주가', '폭락', '사태', '이득', '사태', '촉발', '배후', '하나로', '지목', '덕연', '투자자', '대표', '지난', '인터뷰', '공매도', '세력', '주가', '폭락', '사태', '이득', '이번', '사태', '촉발', '배후', '하나로', '지목', '대성', '홀딩스', '세방', '삼천리', '가스', '투자', '증권', '코스피', '지수', '해당', '공매도', '코스닥', '지수', '편입', '다우', '데이타', '하림', '지주', '선광', '선광', '지난달', '편입', '사실', '지난', '공매도', '허용', '종목', '사실', '공매도', '금지', '종목', '따라서', '대표', '주장', '대체로', '사실', '판단', '검증', '대상', '덕연', '투자자', '대표', '지난', '인터뷰', '공매도', '세력', '최근', '주가', '폭락', '사태', '이득', '무더기', '사태', '촉발', '배후', '하나로', '공매도', '세력', '지목', '검증', '방법', '관련', '종목', '코스피', '지수', '해당', '공매도', '거래', '대금', '비중', '확인', '검증', '내용', '금융', '외국', '증권사', '소시에테', '제네랄', '증권', '무더기', '사태', '관련', '종목', '대성', '홀딩스', '세방', '삼천리', '가스', '투자', '증권', '종목', '코스피', '지수', '해당', '지난', '동안', '공매도', '공매도', '허용', '종목', '코스닥', '지수', '편입', '다우', '데이타', '하림', '지주', '선광', '종목', '선광', '지난달', '코스닥', '편입', '사실', '지난', '공매도', '허용', '기록', '시작', '지난', '이틀', '동안', '공매도', '거래', '대금', '비중', '다우', '데이타', '하림', '선광', '공매도', '거래', '대금', '비중', '종목', '가운데', '종목', '사실', '공매도', '금지', '종목', '더욱이', '자마자', '행진', '시작', '정황', '이후', '시세', '가격', '공매도', '허용', '공매도', '체결', '자체', '검증', '결과', '따라서', '주가', '폭락', '사태', '이득', '공매도', '세력', '사태', '촉발', '배후', '하나', '주장', '대체로', '사실', '판단']",라덕연,0,"['공매도', '종목', '사태', '지난', '사실', '세력', '지수', '선광', '대표', '주가', '폭락', '이득', '촉발', '배후', '편입', '허용', '검증', '덕연', '투자자', '하나로', '지목', '증권', '코스피', '해당', '코스닥', '다우', '데이타', '하림', '거래', '대금', '비중']",13
12,12,해외 선진국이 외국인 최저임금을 내국인과 달리 책정하고 있다,"['주로', '외국', '인력', '의존', '중소', '사업', '중심', '외국인', '노동자', '최저임금', '차등', '지급', '주장', '우리나라', '지금', '외국인', '최저임금', '동등', '일괄', '적용', '외국인', '노동자', '한국어', '소통', '문제', '문화', '정서', '차이', '부분', '때문', '어찌', '차별', '차등', '최저임금', '적용', '이야기', '인간', '차별', '문제', '현실', '산업', '현장', '존재', '주물', '업체', '대표', '생산', '이유', '한국', '월급', '자국', '월급', '때문', '책정', '정서', '최저임금', '노동자', '자신', '임금', '외국인', '노동자', '보고', '상대', '박탈', '기도', '업계', '관계자', '설명', '과정', '해외', '선진국', '외국인', '최저임금', '달리', '책정', '온라인', '공간', '해외', '외국인', '최저임금', '달라', '주장', '발견', '해외', '선진국', '외국인', '노동자', '최저임금', '달리', '지급', '주장', '사실', '인터넷', '댓글', '모음', '최저임금', '위원회', '보고서', '종합', '외국인', '최저임금', '차등', '지급', '주요', '국가', '사례', '국제', '협약', '국내', '노동', '관계', '대법원', '헌재', '판례', '외국인', '대한', '차별', '금지', '현실', '어려움', '전혀', '사실', '판정', '다만', '기업', '중심', '지역별', '업종', '숙련', '별로', '최저임금', '차등', '지급', '필요성', '주장', '일부', '해외', '사례', '국내', '정치권', '호응', '언제', '논의', '재개', '가능성', '해외', '선진국', '외국인', '최저임금', '달리', '책정', '최저임금', '위원회', '주요', '국가', '최저임금제', '보고서', '확인', '고용', '전망', '보고서', '확인', '대사관', '각국', '최저임금법', '추가', '확인', '이규용', '한국', '노동', '연구원', '선임', '연구', '위원', '인터뷰', '정동채', '한국', '행정', '연구원', '연구', '위원', '인터뷰', '국제노동기구', '확인', '가사', '근로자', '고용', '개선', '법률', '확인', '중소기업', '중앙회', '외국', '인력', '활용', '종합', '애로', '실태', '조사', '결과', '확인', '최저임금법', '개정안', '홍준표', '의원', '발의', '확인', '최저임금법', '개정안', '석준', '의원', '발의', '확인', '최저임금법', '개정안', '이완영', '의원', '발의', '확인', '최저임금법', '개정안', '이만', '의원', '발의', '확인', '최저임금법', '개정안', '박대출', '의원', '발의', '확인', '최저임금법', '개정안', '강은미', '이수진', '권성동', '최승재', '추경호', '송인석', '곽대훈', '권은희', '나경원', '김동철', '윤상직', '김종회', '신보라', '김학용', '효상', '이언주', '이현재', '홍일표', '병원', '의원', '발의', '확인', '국제노동기구', '차별', '대우', '금지', '협약', '확인', '근로기준법', '법령', '확인', '외국인', '용법', '법령', '확인', '대법원', '판례', '확인', '헌법재판소', '판례', '확인', '김형우', '중소기업', '중앙회', '외국', '인력', '지원', '과장', '인터뷰', '해외', '사례', '외국인', '차등', '지급', '규정']",언론사 자체 문제제기,0,"['확인', '외국인', '최저임금', '최저임금법', '해외', '개정안', '의원', '발의', '노동자', '차등', '지급', '주장', '차별', '외국', '인력', '한국', '책정', '선진국', '달리', '보고서', '사례', '판례', '인터뷰']",14
13,13,토지거래허가제는 재산권 침해다,"['서울시', '지난', '압구정', '여의도', '목동', '성수동', '토지', '거래', '허가', '구역', '연장', '송파구', '잠실동', '강남구', '삼성', '청담', '대치동', '토지', '거래', '허가', '구역', '만료', '연장', '여부', '관심', '대해', '일부', '토지', '소유자', '주민', '서울시', '연장', '대해', '개인', '자산', '지자체', '제동', '건다', '재산권', '침해', '주장', '서울시', '지난', '압구정', '여의도', '목동', '성수동', '토지', '거래', '허가', '구역', '연장', '온라인', '댓글', '서울시', '토지거래허가제', '연장', '대해', '재산권', '침해', '주장', '헌법재판소', '토지거래허가제', '사유재산', '본질', '침해', '합헌', '판결', '현재', '토지', '거래', '허가', '구역', '합헌', '재산권', '침해', '해당', '판단', '대체로', '사실', '판정', '검증', '대상', '토지', '소유자', '주민', '온라인', '댓글', '서울시', '토지거래허가제', '연장', '대해', '재산권', '침해', '주장', '대청', '집값', '토지', '거래', '허가', '연장', '무게', '관련', '댓글', '검증', '방법', '헌법재판소', '판례', '논문', '분석', '토지거래허가제', '문제점', '입법', '개선', '방안', '연구', '제도', '운용', '문제', '중심', '헌법재판소', '국토이용관리법', '심판', '제청', '승환', '법무', '법인', '변호사', '전문가', '인터뷰', '검증', '내용', '서울시', '토지', '거래', '허가', '구역', '지정', '현황', '일부', '서울시', '지난', '송파구', '잠실동', '강남구', '삼성', '청담', '대치동', '국제', '교류', '복합', '지구', '인근', '지역', '토지', '거래', '허가', '구역', '지정', '주민', '토지', '소유자', '재산권', '침해', '주장', '파이낸셜뉴스', '주민', '주장', '토지거래허가제', '헌법', '재산권', '침해', '토지거래허가제', '허가', '구역', '토지', '소유권', '지상권', '이전', '설정', '계약', '예약', '포함', '체결', '거나', '허가', '사항', '변경', '당사자', '공동', '시장', '군수', '청장', '허가', '제도', '주민', '재산권', '주장', '이유', '시기', '팔고', '토지', '거래', '허가', '구역', '투자', '전세', '매매', '수요', '매매', '거래', '때문', '토지', '거래', '허가', '구역', '일정', '규모', '초과', '주거지역', '부동산', '매입', '임대', '매매', '의무', '거주', '투자가', '차단', '현행', '부동산', '거래', '신고', '법률상', '국토교통부', '장관', '도지사', '국토', '효율', '이용', '관리', '관해', '계획', '수립', '집행', '토지', '합리', '이용', '위해', '토지', '투기', '거래', '성행', '거나', '가가', '상승', '지역', '상승', '장차', '우려', '지역', '대통령령', '지역', '대해', '이내', '기간', '정해', '토지', '거래', '계약', '허가', '구역', '지정', '재산권', '침해', '판단', '위해', '헌법재판소', '결정', '취재', '결과', '헌법재판소', '토지거래허가제', '대해', '합헌', '결정', '토지거래허가제', '대해', '재판관', '합헌', '판단', '헌법재판소', '사유재산', '제도', '보장', '공동체', '생활', '조화', '균형', '흩트려', '범위', '보장', '토지거래허가제', '사유재산제', '도의', '부정', '제한', '형태', '토지', '투기', '거래', '억제', '위해', '처분', '부득이', '재산권', '본질', '침해', '판단', '나머지', '당시', '토지거래허가제', '규정', '국토이용관리법', '위헌', '해당', '팩트', '체크', '취재', '과정', '토지거래허가제', '문제점', '입법', '개선', '방안', '연구', '제도', '운용', '문제', '중심', '헌법재판소', '국토이용관리법', '심판', '제청', '바탕', '사실', '확인', '송승환', '법무', '법인', '변호사', '전문가', '인터뷰', '진행', '검증', '결과', '주민', '재산권', '침해', '발언', '대체로', '사실', '헌법재판소', '재산권', '본질', '침해', '판단', '사례', '때문', '헌법재판소', '토지거래허가제', '사유재산', '본질', '침해', '합헌', '판결', '헌법재판소', '역시', '합헌', '판단', '유지', '다만', '법률', '전문가', '토지', '재산권', '사유재산제', '도의', '보장', '투기', '거래', '방지', '불로소득', '억제', '계층', '갈등', '완화', '토지거래허가제', '추구', '목적', '서로', '달라', '충돌', '계속', '때문', '과거', '합헌', '결정', '계속', '미지수']",언론보도 내 댓글,0,"['토지', '거래', '허가', '토지거래허가제', '재산권', '침해', '구역', '헌법재판소', '서울시', '연장', '대해', '합헌', '주민', '주장', '판단', '본질', '검증', '제도', '지역', '지난', '소유자', '댓글', '사유재산', '사실', '국토이용관리법', '전문가', '지정', '매매', '때문', '위해', '투기', '결정', '보장']",15
14,14,외국인 노동자 없이는 뿌리산업을 지탱하기 어렵다,"['뿌리', '산업', '주조', '용접', '표면처리', '기초', '공정', '기술', '활용', '사업', '영위', '업종', '나무', '뿌리', '모든', '제조업', '근간', '형성', '의미', '별칭', '기준', '전국', '국내', '제조업', '종사', '차지', '규모', '정부', '지난', '뿌리', '산업', '진흥', '첨단', '법률', '제정', '산업', '경쟁력', '강화', '뿌리', '산업', '기업', '인력', '난이', '가다가', '산업', '지탱', '정부', '지원이', '동시', '기업', '주장', '의심', '시선', '사람', '기업', '정부', '지원', '위해', '인력', '문제', '인력', '난이', '얼마나', '외국인', '노동자', '사업', '정도', '기업', '주장', '한지', '뿌리', '산업', '직면', '현실', '뿌리', '산업', '기업', '외국인', '노동자', '사업', '정도', '인력', '호소', '뿌리', '산업', '종사', '종사', '비중', '외국인', '종사', '압도', '인력', '고령화', '추세', '인력', '고령화', '빈자리', '상당', '부분', '외국', '인력', '인력', '뿌리', '산업', '지원', '가장', '이유', '뿌리', '산업', '자체', '임금', '장시간', '노동', '현장', '이기', '때문', '단기간', '해소', '문제', '정부', '뿌리', '산업', '육성', '정책', '필요', '따라서', '대체로', '사실', '판단', '외국인', '노동자', '뿌리', '산업', '지탱', '국가', '뿌리', '산업', '진흥', '센터', '뿌리', '산업', '주요', '현황', '분석', '뿌리', '산업', '진흥', '첨단', '법률', '법령', '확인', '김포', '주물', '공장', '현장', '취재', '외국인', '노동자', '인터뷰', '주물', '공장', '대표', '인터뷰', '국가', '뿌리', '산업', '진흥', '센터', '뿌리', '산업', '실태', '조사', '보고서', '분석', '지숙', '국가', '뿌리', '산업', '진흥', '센터', '뿌리', '산업', '정책', '선임', '연구원', '인터뷰', '업체', '대표', '인터뷰', '취재원', '요청', '익명', '인터뷰', '이기중', '중소기업', '중앙회', '외국', '인력', '지원', '실장', '인터뷰', '산업', '통상', '자원부', '뿌리', '산업', '범위', '확장', '보도자료', '확인', '고용노동부', '고용', '노동', '통계', '확인', '뿌리', '산업', '인적자원', '개발', '위원회', '이슈', '리포트', '뿌리', '기업', '취업', '대한', '인식', '조사', '보고서', '확인', '외국', '인력', '업계', '임금', '수준', '영향', '다수', '논문', '확인', '한국', '경영', '협회', '주요', '중소', '제조업', '외국인', '근로자', '고용', '현황', '조사', '보고서', '확인', '한국', '노동', '연구원', '뿌리', '산업', '다각', '정책', '고용', '효과', '보고서', '확인', '국가', '뿌리', '산업', '진흥', '센터', '뿌리', '산업', '백서', '보고서', '확인', '이민', '정책', '연구원', '숙련', '기능', '외국', '인력', '확보', '정책', '진단', '향후', '방향', '뿌리', '산업', '외국인', '기술', '인력', '양성', '대학', '사업', '중심', '보고서', '확인', '팩트', '체크', '외국', '인력', '정말', '뿌리', '산업', '지탱', '생산', '현장', '채운', '외국인', '노동자']",언론사 자체 문제 제기,1,"['산업', '뿌리', '인력', '확인', '외국인', '진흥', '기업', '인터뷰', '보고서', '노동자', '외국', '정책', '사업', '종사', '정부', '국가', '센터', '제조업', '지탱', '지원', '노동', '현장', '조사', '연구원', '고용']",16
15,15,천문학적인 한전 적자는 탈원전 정책 탓이다,"['한국전력', '전례', '대규모', '적자', '전기', '요금', '인상', '계기', '해묵', '원전', '논쟁', '다시', '수면', '위로', '이창', '산업', '통상', '자원부', '장관', '지난', '전기', '요금', '인상', '대해', '발표', '지난', '정부', '원전', '정책', '국제', '에너지', '가격', '상승', '한국전력', '적자', '천문학', '누적', '결과', '전기', '요금', '인상', '다음', '윤석열', '대통령', '전기', '요금', '인상', '대해', '원전', '지출', '초래', '한전', '부실', '언급', '지난해', '올해', '영업', '손실', '한전', '경영', '악화', '원인', '국제', '에너지', '가격', '상승', '연료비', '급등', '거론', '원인', '문재인', '정부', '추진', '원전', '정책', '풀이', '서울대', '원자력', '정책', '센터', '지난', '문재인', '정부', '원전', '정책', '비용', '추산', '보고서', '기도', '실제', '한전', '막대', '적자', '원전', '정책', '결과', '무방', '판단', '원자력발전', '산업', '정책', '전반', '필요', '최근', '이창', '산업', '자원부', '장관', '윤석열', '대통령', '한전', '적자', '원인', '원전', '정책', '지목', '원전', '반대', '측은', '원전', '가동', '계획', '차질', '원인', '원전', '간주', '손익', '계산', '원전', '계획', '차질', '배경', '국내외', '원전', '사고', '지진', '부실', '시공', '여러', '요인', '존재', '국회', '예산정책처', '후쿠시마', '원전', '사고', '이후', '원전', '준공', '계획', '개월', '이상', '오차', '발생', '원전', '정비', '수도', '증가', '정부', '사례', '국회', '예산정책처', '분석', '한전', '적자', '원전', '이용', '유가', '영향', '따라서', '해당', '발언', '전혀', '사실', '판정', '검증', '대상', '천문학', '한전', '적자', '원전', '정책', '전기', '요금', '인상', '대한', '이창', '산업', '통상', '자원부', '장관', '윤석열', '대통령', '발언', '근거', '자료', '검증', '방법', '역사', '관련', '논문', '한국', '원자력', '정책', '어젠다', '성과', '정책', '변화', '옹호', '연합', '모형', '적용', '후쿠시마', '원전', '사고', '국내', '원자력', '정책', '변화', '정책', '옹호', '연합', '모형', '적용', '세계', '원자력', '협회', '홈페이지', '세계', '원자력', '전량', '현황', '통계청', '원료', '정산', '단가', '원자력', '정책', '변동', '연구', '후쿠시마', '원전', '사고', '전후', '중심', '박수경', '동현', '원자력', '안전', '규제', '정책', '변동', '연구', '언론', '보도', '근거', '자료', '서울대', '원자력', '정책', '센터', '원전', '정책', '비용', '평가', '보고서', '정부', '전력', '수급', '기본', '계획', '정부', '전력', '수급', '기본', '계획', '한국', '수력', '원자력', '원전', '운영', '정보', '데이터', '국회', '예산정책처', '보고서', '원자력', '발전', '비용', '쟁점', '과제', '허가', '한국', '석유', '공사', '페트', '국회', '예산정책처', '발전', '한전', '실적', '상관관계', '보고서', '국회', '입법조사처', '무경', '의원', '원전', '비용', '질의', '답변서', '한국', '수력', '원자력', '연도', '계획', '예방', '정비', '일수', '국회', '입법조사처', '한전', '실적', '유가', '상관관계', '분석', '자료', '검증', '내용', '학계', '논문', '근거', '자료', '원자력', '연료', '우라늄', '석탄', '에너지', '발생', '만큼', '효율', '불로', '각광', '후반', '영국', '도입', '상업', '원자력', '발전소', '현재', '개국', '운영', '세계', '전력', '생산량', '정도', '담당', '세계', '원전', '산업', '미국', '스리', '마일', '원전', '사고', '우크라이나', '소련', '체르노빌', '원전', '사고', '원전', '안전', '화가', '정체', '시작', '후쿠시마', '원전', '사고', '세계', '각국', '원전', '대신', '대체에너지', '개발', '집중', '우리나라', '원전', '역사', '생각', '세계', '원전', '산업', '태동', '미국', '원자력', '사적', '이용', '협정', '기술', '지원', '연구개발', '시작', '고리', '호기', '상업', '운전', '아시아', '세계', '원자력', '전국', '현재', '부산', '경주', '울진', '영광', '원전', '운영', '독자', '원전', '기술', '수출', '세계', '원전', '강국']",이창양,0,"['원전', '정책', '원자력', '한전', '세계', '사고', '적자', '산업', '정부', '계획', '국회', '전기', '요금', '인상', '원인', '비용', '보고서', '예산정책처', '후쿠시마', '자료', '한국', '이창', '자원부', '장관', '지난', '에너지', '윤석열', '대통령', '검증', '근거', '전력', '운영']",17
16,16,국회 표결을 앞둔 노란 봉투 법에는 문재인 정부도 반대했던 내용이 포함되어 있다,"['봉투', '노조', '개정안', '본회의', '회부', '결정', '국회', '표결', '가운데', '여당', '봉투', '통과', '경우', '대통령', '거부권', '행사', '건의', '입장', '현재', '표결', '봉투', '사용자', '범위', '대폭', '노사', '교섭', '촉진', '노조', '대한', '손해배상', '청구', '일부', '제한', '내용', '법안', '토론', '당시', '박화진', '고용노동부', '차관', '발언', '토대', '손해배상', '청구', '제한', '내용', '문재인', '정부', '우려', '표현', '내용', '문제', '제기', '문재인', '정부', '고용부', '차관', '재임', '박화진', '차관', '손해배상', '제한', '문제', '검토', '논의', '생각', '동조', '거의', '문제', '저희', '고민', '민법', '상의', '손해배상', '원칙', '민사집행법', '신원보증법', '문제', '해당', '법률', '원칙', '특례', '조항', '부분', '대해', '논의', '사항', '중앙', '일보', '현재', '국회', '표결', '봉투', '내용', '문재인', '정부', '반대', '당시', '국회', '논의', '봉투', '병원', '의원', '발의', '법안', '병원', '개인', '손해배상', '청구', '금지', '손해배상', '상한선', '내용', '포함', '대해', '고용노동부', '차관', '우려', '표명', '국회', '논의', '과정', '내용', '귀책사유', '기여', '개별', '배상', '내용', '포함', '대체로', '사실', '판정', '검증', '대상', '봉투', '노조', '개정안', '회의', '회부', '국회', '표결', '가운데', '여당', '봉투', '통과', '경우', '대통령', '거부권', '행사', '건의', '입장', '봉투', '사용자', '범위', '대폭', '노사', '교섭', '촉진', '노조', '대한', '손해배상', '청구', '일부', '제한', '내용', '법안', '법안', '토론', '당시', '박화진', '고용노동부', '차관', '발언', '토대', '손해배상', '청구', '제한', '내용', '문재인', '정부', '우려', '표현', '내용', '문제', '제기', '문재인', '정부', '고용부', '차관', '재임', '박화진', '차관', '손해배상', '제한', '문제', '검토', '논의', '생각', '동조', '거의', '문제', '저희', '고민', '민법', '상의', '손해배상', '원칙', '민사집행법', '신원보증법', '문제', '해당', '법률', '원칙', '특례', '조항', '부분', '대해', '논의', '사항', '중앙', '일보', '현재', '국회', '표결', '봉투', '내용', '문재인', '정부', '반대', '검증', '방법', '고용노동부', '차관', '발언', '회의', '국회', '환경', '노동', '위원회', '고용', '노동', '소위', '회의', '회의', '논의', '법안', '병원', '의원', '발의', '봉투', '병원', '올해', '환노위', '통과', '본회의', '표결', '봉투', '위원', '회안', '손해배상', '제한', '봉투', '쟁점', '위원회', '포함', '진정', '연대책임', '제한', '의미', '조사', '연대책임', '제한', '찬반', '논리', '확인', '검증', '내용', '봉투', '병원', '안과', '위원회', '차이점', '당시', '고용노동부', '차관', '박화진', '발언', '국회', '고용', '노동법', '소위', '회의', '박화진', '고용노동부', '차관', '해당', '발언', '병원', '의원', '발의', '노동조합', '노동', '관계', '정법', '일부', '개정', '법률', '이하', '강병', '원안', '법안', '심사', '과정']",언론사 자체 문제제기,0,"['봉투', '내용', '손해배상', '차관', '제한', '국회', '문제', '논의', '표결', '법안', '박화진', '고용노동부', '문재인', '정부', '병원', '청구', '발언', '회의', '노조', '당시', '원칙', '통과', '현재', '일부', '우려', '해당', '법률', '대해', '의원', '발의', '포함', '검증', '노동', '위원회']",18
17,17,한국의 불공정거래 행위 주가조작 등에 대한 제재 수준은 금융선진국과 비교했을 때 미흡하다,"['증권', '주가조작', '사태', '원인', '대해', '여러', '가지', '분석', '가운데', '국내', '증권', '시장', '주가조작', '범죄', '이유', '형량', '추징', '지목', '사이', '증권', '선물', '위원회', '고발', '거나', '검찰', '통보', '주가조작', '사건', '가운데', '절반', '이상인', '기소', '기소', '해도', '대법원', '실형', '선고', '경우', '주가조작', '해도', '절반', '법원', '가지', '법원', '재판', '이상은', '집행유예', '얘기', '주가조작', '대한', '한국', '제재', '정도', '해외', '비교', '수준', '현행법', '자본시장', '시세', '조종', '행위', '대한', '처벌', '무기징역', '부당이득', '환수', '법원', '양형', '기준', '가중', '처벌', '해도', '최대', '징역', '법원', '조종', '부당이득', '여부', '금액', '판단', '인과', '관계', '입증', '책임', '검사', '주가', '조작', '부당이득', '입증', '무죄', '판결', '최저', '수준', '징역형', '벌금형', '선고', '경우', '발생', '해외', '행정', '제재', '방식', '사용', '과징금', '금전', '제재', '불공정', '행위', '전력', '거래', '금지', '장사', '인원', '선임', '제한', '제도', '검증', '대상', '증권', '주가조작', '사태', '원인', '대해', '여러', '가지', '분석', '가운데', '국내', '증권', '시장', '주가조작', '범죄', '이유', '형량', '추징', '지목', '불공정', '거래', '수사', '소율', '왼쪽', '대법원', '선고', '오른쪽', '자료', '출처', '금융', '위원회', '화면', '캡처', '사이', '증권', '선물', '위원회', '고발', '거나', '검찰', '통보', '주가조작', '사건', '가운데', '절반', '이상인', '기소', '기소', '대법원', '실형', '선고', '경우', '주가조작', '해도', '절반', '법원', '가지', '법원', '재판', '이상은', '집행유예', '주가조작', '불공정', '거래', '대한', '한국', '제재', '정도', '해외', '비교', '수준', '검증', '방법', '자본시장', '자본시장', '금융투자', '법률', '법원', '양형', '위원회', '증권', '금융', '범죄', '양형', '기준', '인하대', '법학', '전문', '대학원', '교수', '인터뷰', '주가조작', '사건', '법원', '판결', '부당이득', '금액', '판단', '부분', '금융', '위원회', '자본시장', '불공정', '거래', '대응', '역량', '강화', '방안', '자본시장', '연구원', '자본시장', '불공정', '거래', '혐의', '행위', '특징', '시사', '자본시장', '개정안', '박용진', '윤관석', '윤창현', '박용진', '의원', '자본시장', '개정안', '검토', '보고서', '검증', '내용', '자본시장', '불공정', '거래', '행위', '유형', '특정', '세력', '주가', '인위', '상승', '하락', '조종', '행위', '포함', '박용진', '의원', '자본시장', '개정안', '검토', '보고서']",언론사 자체 문제제기,1,"['주가조작', '자본시장', '법원', '증권', '불공정', '거래', '위원회', '행위', '가지', '가운데', '절반', '기소', '해도', '선고', '제재', '부당이득', '범죄', '사건', '대법원', '경우', '대한', '해외', '수준', '조종', '양형', '검증', '금융', '개정안', '박용진']",19
18,18,문재인 정부 임대차 3법이 전세 사기 원인이다,"['정부', '여당', '정치인', '문재인', '정부', '시행', '임대차', '전세', '사기', '원인', '지목', '박대출', '국민', '정책', '위원회', '의장', '지난', '전세', '사기', '근절', '피해', '지원', '관련', '협의', '민주당', '지난', '문재인', '정권', '시절', '임대차', '강행', '처리', '집값', '폭등', '원인', '제공', '원희룡', '국토교통부', '장관', '집값', '등기', '일방', '임대', '차법', '개정', '임대차', '시장', '충격', '지금', '전세', '사기', '피해', '원인', '주장', '마이', '뉴스', '기도', '문재인', '국힘', '건축', '배후', '거물', '정치인', '언급', '윤희', '국민', '의원', '전세', '사기', '임대', '차법', '중앙', '일보', '규정', '보수', '성향', '언론', '전세', '사기', '정부', '임대차', '촉발', '조선일보', '정부', '임대차', '전세', '중앙', '일보', '뒷받침', '임대차', '최대', '계약', '갱신', '청구권', '보장', '갱신', '전월세', '인상', '제한', '임대차', '신고', '제로', '임차', '권리', '보장', '전세', '사기', '원인', '국민', '정치인', '주장', '사실', '박대출', '정책', '의장', '원희룡', '국토교통부', '장관', '윤희', '의원', '국민', '정치인', '임대차', '전세', '사기', '원인', '주장', '전세', '사기', '발생', '때문', '시행', '임대차', '영향', '부동산', '전문가', '전세', '자금', '대출', '전세', '보증금', '반환', '보증', '보험', '제도', '민간', '임대', '사업자', '혜택', '강화', '전세', '사기', '원인', '보고', '따라서', '임대차', '전세', '사기', '원인', '주장', '전혀', '사실', '판정', '검증', '대상', '문재인', '정부', '임대차', '전세', '사기', '원인', '국민', '소속', '정치인', '주장', '집값', '급등', '시장', '교란', '초래', '과거', '정부', '시장', '비정상', '정책', '전세', '사기', '토양', '윤석열', '대통령', '지난', '국무회의', '모두', '발언', '전세', '사기', '책임', '이전', '정부', '부동산', '정책', '특정', '정책', '거론', '그동안', '정부', '여당', '정치인', '문재인', '정부', '시행', '임대차', '전세', '사기', '원인', '지목', '박대출', '국민', '정책', '위원회', '의장', '지난', '전세', '사기', '근절', '피해', '지원', '관련', '협의', '민주당', '지난', '문재인', '정권', '시절', '임대차', '강행', '처리', '집값', '셋값', '폭등', '원인', '제공', '원희룡', '국토교통부', '장관', '집값', '등기', '일방', '임대', '차법', '개정', '임대차', '시장', '충격', '지금', '전세', '사기', '피해', '원인', '주장', '마이', '뉴스', '기도', '문재인', '국힘', '건축', '배후', '거물', '정치인', '언급', '윤희', '국민', '의원', '전세', '사기', '임대', '차법', '중앙', '일보', '규정', '보수', '성향', '언론', '전세', '사기', '정부', '임대차', '촉발', '조선일보', '정부', '임대차', '전세', '중앙', '일보', '뒷받침', '임대차', '최대', '계약', '갱신', '청구권', '보장', '갱신', '전월세', '인상', '제한', '임대차', '신고', '제로', '임차', '권리', '보장', '전세', '사기', '원인', '국민', '정치인', '주장', '사실', '검증', '방법', '검증', '내용', '전세', '사기', '임대차', '시행', '이전', '발생', '빌라', '빌라', '조직', '기단', '보증금', '임차', '피해', '전세', '임대', '임차', '전세', '정보', '임차', '착오', '상태', '계약', '체결', '전세', '보증금', '전부', '일부', '경우', '이강훈', '변호사', '깡통', '전세', '문제', '해결', '법률', '대안', '도시', '빈곤', '국토교통부', '지난', '보증금', '반환', '능력', '무자력', '바지', '사장', '활용', '신축', '빌라', '대규모', '매집', '전세', '가로', '보증금', '수령', '잠적', '고의', '빌라', '수법', '소개', '국토교통부', '전세', '사기', '예방', '피해', '지원', '방안', '보도자료', '조선일보', '지난', '문재인', '정부', '계약', '갱신', '청구권', '임대차', '도입', '아파트', '셋값', '급등', '아파트', '전세', '시장', '서민', '빌라', '주택', '빌라', '셋값', '덩달아', '부동산', '전문', '업자', '자기', '자본', '보증금', '빌라', '수백', '전세', '사기', '환경', '보도', '임대차', '가운데', '계약', '갱신', '청구권', '전월세', '상한', '시행', '빌라', '세대', '기단', '자본', '투기', '방식', '빌라', '집중', '시기', '임대차', '시행', '이전', '지난', '사이다']",국민의힘,0,"['전세', '임대차', '사기', '정부', '원인', '빌라', '정치인', '문재인', '국민', '지난', '주장', '시행', '정책', '피해', '임대', '갱신', '보증금', '집값', '국토교통부', '시장', '계약', '임차', '차법', '중앙', '일보', '청구권', '보장', '박대출', '의장', '지원', '원희룡', '장관', '윤희', '의원', '조선일보', '전월세', '사실', '부동산', '검증', '이전', '셋값']",20
19,19,미국의 부채상한 제도 운용 내용 및 부채 상한 확대 합의 사례 여부 등의 초기 입법과 한도 상향 과정 및 부채 급증 원인에 대한 미국 대통령과 야당의 주장,"['미국', '국가부채', '상한', '국가채무', '일정', '한도', '경우', '연방', '정부', '의회', '동의', '적자', '재정', '편성', '제도', '의회', '동의', '경우', '정부', '한도', '재정정책', '제도', '한약', '차례', '이상', '합의', '부채', '한도', '달러', '수준', '이후', '달러', '규모', '증가', '미국', '금융위기', '부채', '한도', '달러', '돌파', '달러', '코로나', '발생', '이후', '현재', '한도', '증액', '달러', '미국', '국가', '디폴트', '사태', '가능성', '주요', '정치인', '미국', '국가채무', '증가', '원인', '발언', '급증', '미국', '국가부채', '한도', '자료', '미국', '재무부', '바이든', '대통령', '발언', '대통령', '트럼프', '미국', '역사상', '전체', '부채', '증가', '케빈', '매카시', '공화당', '의장', '지난', '민주당', '달러', '지출', '국가부채', '미국', '국내총생산', '세계대전', '이후', '처음', '스티브', '스칼', '리스', '공화당', '하원', '원조', '바이든', '대통령', '지난', '동안', '전례', '사용', '코로나', '문제', '가장', '코로나', '아무', '상관', '달러', '지출', '뉴욕타임스', '포린', '페어', '공신', '주요', '외신', '참조', '미국', '역대', '부채', '증가', '트럼프', '바이든', '공화당', '민주당', '누구', '바이든', '미국', '대통령', '도널드', '트럼프', '대통령', '매경', '바이든', '대통령', '발언', '대통령', '트럼프', '미국', '역사상', '전체', '부채', '증가', '사실', '과도', '해석']",조 바이든,0,"['미국', '달러', '대통령', '한도', '부채', '증가', '바이든', '트럼프', '국가부채', '이후', '코로나', '발언', '공화당']",21
20,20,원전 오염수를 방류하기 시작하면 우리 국민의 먹거리 안전이 위험해진다,"['민주당', '후쿠시마', '오염수', '방출', '저지', '대응', '본격', '원전', '오염수', '방류', '시작', '수산물', '세계', '제일', '우리', '국민', '먹거리', '안전', '보장', '국민', '우려', '주장', '실제', '원전', '오염수', '한국인', '식탁', '수산물', '문제', '검증', '일본', '정부', '저장', '탱크', '보관', '오염수', '태평양', '방류', '계획', '민주당', '위험성', '우려', '제기', '한국', '과학기술원', '한국', '원자력', '연구원', '삼중수소', '확산', '시뮬레이션', '수행', '결과', '베크렐', '방사성', '방출', '측정', '국제', '단위', '수준', '삼중수소', '포함', '오염수', '도달', '국내', '해역', '삼중수소', '평균', '농도', '수준', '국제', '원자력', '구도', '후쿠시마', '오염수', '처리', '시스템', '대한', '중간', '보고서', '방사선', '피폭량', '따라서', '해당', '발언', '대체로', '사실', '판정', '민주당', '중심', '원전', '오염수', '방류', '시작', '우리', '국민', '먹거리', '안전', '보장', '우려', '주장', '검증', '일본', '정부', '저장', '탱크', '보관', '오염수', '태평양', '방류', '계획', '오염수', '후쿠시마', '폭발', '사고', '이후', '지하수', '빗물', '원전', '부지', '유입', '발생', '윤재갑', '민주당', '의원', '국회', '농림', '축산', '식품', '해양', '수산', '위원회', '전체', '회의', '오염수', '탱크', '준치', '범위', '반발', '준치', '농도', '방사', '물질', '바다로', '지적', '후쿠시마', '원전', '운영', '도쿄전력', '핵종', '제거', '설비', '지지', '삼중수소', '제외', '나머지', '방사성', '물질', '모두', '준치', '아래', '정화', '순차', '방출', '방침', '삼중', '주소', '대량', '해수', '일본', '자체', '기준', '치의', '수준', '농도', '세계보건기구', '음료수', '수질', '가이드', '기준', '가량', '방출', '오염수', '태평양', '안국', '미국', '캐나다', '우리나라', '해역', '본격', '유입', '베크렐', '방사성', '방출', '측정', '국제', '단위', '수준', '삼중수소', '포함', '오염수', '도달', '국내', '해역', '삼중수소', '평균', '농도', '수준', '한국', '해양', '과학기술원', '한국', '원자력', '연구원', '지난', '삼중수소', '확산', '시뮬레이션', '수행', '결과', '대해', '정용훈', '카이스트', '원자력공학', '교수', '방류', '지점', '삼중수소', '농도', '민물', '농도', '우리나라', '오염수', '먼저', '유입', '미국', '규제', '기관', '안전', '문제', '평가', '설명', '삼중수소', '물고기', '생체', '경우', '대해', '우려', '제기', '상황', '삼중수소', '탄수화물', '단백질', '유기물질', '유기', '결합', '삼중수소', '형태', '삼중수소', '반감기', '방사선', '절반', '기간', '신체', '피폭량', '국제', '원자력', '기구', '지난', '후쿠시마', '오염수', '처리', '시스템', '대한', '중간', '보고서', '방사선', '피폭량', '취지', '내용', '보고서', '해산물', '형성', '인체', '피폭량', '대한', '불확실', '동의', '방류', '모든', '핵종', '피폭', '가운데', '삼중수소', '기여', '적기', '때문', '비중', '미만', '삼중수소', '전부', '가정', '전체', '피폭량', '크게', '변화', '명시', '교수', '삼중수소', '변환', '영향', '검토', '전체', '피폭량', '영향', '거의', '면서', '무시', '인체', '의미', '해석', '국회', '입법조사처', '산업', '자원', '농수산', '사관', '해류', '변화', '변수', '방사성', '농도', '고려', '고등어', '갈치', '참조기', '국내', '수산물', '영향', '제한', '일본', '정부', '저장', '탱크', '보관', '오염수', '태평양', '방류', '계획', '민주당', '대한', '위험성', '우려', '제기']",더불어민주당 후쿠시마오염수방출저지대응단 & 윤재갑,0,"['오염수', '삼중수소', '방류', '농도', '피폭량', '민주당', '후쿠시마', '방출', '원전', '우려', '수준', '일본', '탱크', '태평양', '한국', '원자력', '방사성', '국제', '대한', '수산물', '국민', '안전', '정부', '저장', '보관', '계획', '제기', '국내', '해역', '보고서', '방사선', '유입', '전체', '준치', '영향']",22
21,21,가루 쌀은 겉은 쌀인데 밀과 똑같다,"['양곡', '관리', '개정', '시장', '격리', '의무', '화이', '윤석열', '대통령', '거부권', '행사', '무산', '정부', '식량', '안보', '수급', '안정', '대책', '가루', '분칠', '관심', '정황', '농림축산식품부', '장관', '지난달', '라디오', '인터뷰', '가루', '밀가루', '수입', '대체', '지난해', '금년', '국내', '유수', '기업', '전부', '제품', '레시피', '개발', '효과', '내년', '재배', '문제', '진짜', '해소', '설명', '일반', '제분', '비용', '생육', '기간', '가루', '품종', '보급', '가공', '산업', '활성화', '수입', '의존', '식량', '자급', '높이', '성적', '과잉', '공급', '문제', '해결', '정부', '식량', '정책', '설명', '풀이', '가루', '수년', '국내', '가공', '산업', '판도', '게임', '체인', '저가', '말로', '가루', '실제', '수입', '대체', '관할', '만큼', '장점', '최근', '정황', '농림', '식품부', '장관', '가루', '발언', '가루', '공급', '통해', '수입', '의존', '과잉', '공급', '해결', '풀이', '가루', '비교', '가격', '경쟁력', '제빵', '글루텐', '식품', '업계', '가루', '밀로', '대체', '제품', '개발', '대해', '부정', '평가', '국산', '자급', '현황', '낙관', '가루', '공급', '국내', '연간', '가루', '비량', '증가', '실현', '가능성', '대해', '평가', '요구', '따라서', '해당', '발언', '대체로', '사실', '판정', '검증', '대상', '가루', '다정', '농림', '식품부', '장관', '발언', '라디오', '발언', '검증', '방법', '농식품부', '활용', '가공', '산업', '활성화', '대책', '보도자료', '농식품부', '인터뷰', '한영', '농식품부', '식량', '정책', '국회', '농림', '축산', '식품', '해양', '수산', '위원회', '국정감사', '회의', '식품', '업체', '관계자', '인터뷰', '국제', '협회', '홈페이지', '연간', '밀가루', '비량', '농식품부', '가공', '산업', '육성', '이용', '촉진', '시행', '계획', '통계청', '양곡', '비량', '조사', '통계청', '양곡', '비량', '조사', '담당자', '인터뷰', '김정주', '농식품부', '대변인', '인터뷰', '농업', '진흥', '가공', '산업', '활성화', '활용', '연구', '보고서', '관련', '언론', '보도', '농촌진흥청', '국립', '식량', '학원', '홈페이지', '농식품부', '수급', '안정', '직불제', '확대', '농업', '농촌', '발전', '방안', '통계청', '연도', '가공', '비량', '업체', '부문', '비량', '농촌진흥청', '국립', '식량', '학원', '산업', '발전', '소비', '활성화', '전략', '심포지엄', '검증', '내용', '일반', '멥쌀', '전분', '구조', '물성', '분기', '그냥', '빻으', '전분', '손상', '품질', '가루', '빻는', '제분', '가공', '비용', '가루', '생산', '대략', '쌀뜨물', '발생', '제분', '가루', '유통', '냉동', '보관', '살균', '건조', '추가', '공정', '반면', '전분', '구조', '때문', '제분', '비용', '제분', '비용', '가루', '경쟁력', '요인', '지적', '농촌진흥청', '국립', '식량', '학원', '연구', '기존', '압력', '분쇄', '돌연변이', '품종', '수원', '확보', '교배', '재배', '안정', '향상', '바로', '특허', '출원', '가루', '개발', '가루', '품종', '전분', '구조', '불리', '바로', '빻아', '가루', '제분', '일반', '가공', '시간', '비용', '근거', '자료', '참조', '가루', '생육', '기간', '일반', '정도', '장점', '일반', '보통', '중순', '중순', '모내기', '가루', '하순', '초순', '모내기', '보리', '이모작', '정부', '장점', '가루', '활용', '식량', '안보', '식량', '자급', '수급', '균형', '마리', '토끼', '전략', '농식품부', '윤석열', '정부', '출범', '만인', '지난해', '발표', '활용', '가공', '산업', '활성화', '대책', '통해', '현재', '연간', '규모', '밀가루', '수요', '가루', '대체', '위해', '가루', '재배', '면적', '생산량', '목표', '제시']",정황근,0,"['가루', '식량', '가공', '산업', '농식품부', '제분', '비량', '인터뷰', '일반', '비용', '활성화', '정부', '수입', '대체', '공급', '발언', '활용', '전분', '양곡', '수급', '안정', '대책', '장관', '밀가루', '국내', '개발', '재배', '품종', '자급', '장점', '농림', '식품', '연간', '검증', '통계청', '농촌진흥청', '국립', '학원', '구조']",23
22,22,외국인 노동자가 내국인 일자리를 빼앗고 있다,"['지난', '뉴스', '미국', '대학', '일본', '교토대', '연구', '결과', '인용', '보도', '중년', '하루', '이상만', '사망', '위험', '크게', '보도', '사실관계', '지난', '뉴스', '중년', '하루', '이상', '사망', '위험', '보도', '미국', '연구', '미국', '성인', '사망률', '일일', '걸음', '패턴', '연관', '보고서', '란셋', '공공', '보건', '매사추세츠', '애머스트', '연구', '보고서', '아이', '하버드대', '보건', '대학원', '교수', '미국', '의학', '협회', '발표', '논문', '통해', '검증', '결과', '사실', '판명', '검증', '대상', '지난', '뉴스', '미국', '대학', '일본', '교토대', '연구', '결과', '인용', '보도', '중년', '하루', '이상', '사망', '위험', '크게', '보도', '사실관계', '검증', '방법', '미국', '연구', '미국', '성인', '사망률', '일일', '걸음', '패턴', '연관', '보고서', '란셋', '공공', '보건', '매사추세츠', '애머스트', '연구', '보고서', '아이', '하버드대', '보건', '대학원', '교수', '미국', '의학', '협회', '발표', '논문', '검증', '내용', '매일', '얼마나', '측정', '사람', '하루', '걷기', '효과', '건강', '때문', '과학', '하루', '얼마나', '가장', '도움', '미국', '로스앤젤레스', '캘리포니아대', '중년', '하루', '이상', '사망', '위험', '크게', '연구', '결과', '발표', '미국', '성인', '사망률', '일일', '걸음', '패턴', '연관', '보고서', '국민', '건강', '조사', '참여', '일주일', '동안', '속도계', '착용', '평균', '연령', '세인', '성인', '명의', '데이터', '조사', '사망원인', '조사', '참가자', '일주일', '이상', '그룹', '결과', '이상', '일수', '모든', '원인', '사망', '혈관', '질환', '사망', '위험', '평균', '일주일', '사망', '위험', '이상', '노년', '걷기', '위력', '일주일', '하루', '이상', '사람', '사망', '위험', '목표', '사망', '위험', '절반', '경우', '해당', '연구', '결론', '하루', '장수', '조건', '정도', '사람', '사람', '심장질환', '일찍', '위험', '절반', '분석', '매일', '운동', '사람', '일주일', '정도', '권장', '걸음', '건강', '도움', '연구', '미국', '의사', '협회', '협회', '게재', '미국', '매사추세츠', '애머스트', '고령', '경우', '하루', '사망', '위험', '크게', '성인', '하루', '걸음', '혈관', '질환', '위험', '사이', '연관', '혈관', '질환', '유병률', '관련', '분석', '기존', '활동량', '고령', '걸음', '효과', '하루', '정도', '조금', '심장', '건강', '효과', '설명', '정도', '걸음', '조언', '이상', '성인', '경우', '평균', '동안', '혈관', '질병', '위험', '현저', '발견', '하루', '걸음', '위험성', '점진', '설명', '연구', '지난', '란셋', '공공', '보건', '게재', '아이', '하버드대', '보건', '대학원', '교수', '미국', '의학', '협회', '발표', '논문', '고령', '여성', '모든', '원인', '사망률', '걸음', '강도', '연관', '하루', '여성', '이하', '연령', '여성', '조기', '사망', '위험', '정도', '조사', '대상자', '이상', '조기', '사망', '위험', '계속', '건강', '증진', '추세', '정점']",언론사 자체 문제 제기,0,"['위험', '미국', '하루', '사망', '연구', '이상', '걸음', '성인', '보건', '결과', '보도', '연관', '보고서', '협회', '사람', '건강', '일주일', '정도', '지난', '중년', '크게', '사망률', '발표', '검증', '조사', '혈관', '뉴스', '일일', '패턴', '란셋', '공공', '매사추세츠', '애머스트', '아이', '하버드대', '대학원', '교수', '의학', '논문', '효과', '평균', '질환', '경우', '고령', '여성']",24
23,23,한국의 예금자 보호 정도는 해외 주요국과 비교했을 때 미흡하다,"['미국', '상업', '은행', '규모', '실리콘밸리', '은행가', '상업', '은행', '역대', '규모', '파산', '금융', '당국', '예견', '상황', '충격', '파산', '미국', '재무부', '미국', '예금', '보험', '공사', '연방', '준비', '제도', '합동', '성명', '통해', '예치', '예금', '전액', '보증', '선언', '미국', '예금', '보험', '도인', '달러', '한국', '예금', '전액', '대해', '보증', '뱅크런', '확산', '은행', '주요', '고객', '실리콘밸리', '스타트업', '보호', '해외', '촉발', '금융', '위기', '한국', '경제', '금융', '시장', '영향', '관련', '관심', '위기', '자신', '예금', '보호', '걱정', '역시', '국내', '은행', '비롯', '예금', '보험', '가입', '금융', '회사', '예금', '보호', '한도', '은행', '대해', '변경', '이후', '현재', '변동', '보호', '한도', '해외', '주요', '국가', '비교', '금액', '국가', '예금', '보호', '한도', '금액', '경제', '규모', '비교', '통해', '국내', '은행', '예금', '보호', '한도', '은행', '대해', '단순', '금액', '비교', '수준', '한국', '대비', '미국', '영국', '유럽연합', '보장', '예금', '보호', '비교', '대비', '예금', '보호', '한도', '비율', '비교', '지표', '사용', '대비', '예금', '보호', '한도', '비율', '기준', '비교', '수준', '한국', '대비', '미국', '영국', '유럽연합', '금융위기', '계기', '미국', '영국', '싱가포르', '개국', '예금', '보험', '보장', '수준', '확대', '다음', '사실', '고려', '사실', '판정', '검증', '대상', '미국', '상업', '은행', '규모', '실리콘밸리', '은행가', '상업', '은행', '역대', '규모', '파산', '금융', '당국', '예견', '상황', '충격', '파산', '미국', '재무부', '미국', '예금', '보험', '공사', '연방', '준비', '제도', '합동', '성명', '통해', '예치', '예금', '전액', '보증', '선언', '미국', '예금', '보험', '도인', '달러', '한국', '예금', '전액', '보증', '뱅크런', '확산', '은행', '주요', '고객', '실리콘밸리', '스타트업', '보호', '해외', '촉발', '금융', '위기', '한국', '경제', '금융', '시장', '영향', '관련', '관심', '위기', '자신', '예금', '보호', '관련', '걱정', '역시', '국내', '은행', '비롯', '예금', '보험', '가입', '금융', '회사', '예금', '보호', '한도', '은행', '기준', '변경', '이후', '현재', '변동', '보호', '한도', '해외', '주요', '국가', '비교', '금액', '국가', '예금', '보호', '한도', '금액', '경제', '규모', '자료', '통해', '비교', '검증', '방법', '검증', '내용', '예금', '보험', '제도', '예금', '보험', '금융', '회사', '영업정지', '파산', '고객', '예금', '상황', '발생', '예금', '보험', '공사', '적립', '예금', '보험', '기금', '사용', '예금', '대신', '지급', '제도', '현행', '예금', '보호', '한도', '적용', '금융', '회사', '금융', '상품', '보호', '현재', '보호', '금융', '회사', '화면', '캡처', '예금', '보호', '대상', '은행', '증권', '보험', '금사', '저축은행', '외국', '은행', '국내', '지점', '한정', '농협', '신협', '새마을금고', '신용', '협동', '기구', '예금', '보험', '공사', '중앙회', '연합', '현재', '보호', '금융', '상품', '화면', '캡처', '은행', '가입', '모든', '금융', '상품', '보호', '역시', '보호', '금융', '상품', '예금', '적금', '탁금', '원금', '보장', '상품', '한정', '주택', '청약', '저축', '펀드', '파생상품', '순위', '채권', '대상', '은행', '기준', '화면', '캡처', '마지막', '통장', '거래', '지점', '달라', '은행', '이면', '보호', '은행', '별로', '예금자보호법', '개정안', '검토', '보고서', '데이터', '참고', '국가', '예금', '보호', '한도', '비교', '비교', '위해', '해외', '주요', '국가']",언론사 자체 문제제기,1,"['예금', '보호', '은행', '금융', '보험', '미국', '한도', '비교', '규모', '한국', '국가', '파산', '주요', '해외', '회사', '금액', '상품', '상업', '실리콘밸리', '공사', '제도', '통해', '전액', '보증', '위기', '경제', '국내', '현재', '대비', '상황', '대해', '고객', '관련', '역시', '가입', '수준', '영국', '보장', '기준', '검증', '대상', '화면', '캡처']",25
24,24,주 69시간 근로시간 제도 개편 2030 청년층은 좋아한다,"['윤석열', '정부', '제한', '근로시간', '최대', '허용', '근로시간', '제도', '개편', '추진', '세대', '청년', '선호', '일종', '국민', '정책', '위원회', '의장', '지난', '라디오', '김종배', '시선집중', '인터뷰', '부분', '근로시간', '제도', '개편', '대해', '관련', '청년', '경우', '앞서', '이정식', '고용노동부', '장관', '근로시간', '제도', '개편', '방안', '발표', '요즘', '세대', '기성세대', '달리', '부회장', '나와라', '회장', '나와라', '성과급', '무슨', '근거', '정도', '권리', '의식', '적극', '권리', '의식', '실효', '크게', '도움', '정작', '노조', '새로고침', '노동자', '협의', '아래', '새로고침', '연장', '근로', '관리', '단위', '확대', '근로', '조건', '최저', '기준', '상향', '국제사회', '노력', '역사', '발전', '역행', '내지', '퇴행', '요소', '반대', '입장', '대통령', '입법', '예고', '기간', '근로자', '의견', '세대', '의견', '청취', '법안', '내용', '대국민', '소통', '관해', '보완', '검토', '라면', '검토', '지시', '따라서', '과연', '국민', '주장', '대가', '포함', '근로시간', '제도', '개편', '찬성', '확인', '필요', '일종', '국민', '정책', '의장', '전경련', '조사', '결과', '바탕', '청년', '근로시간', '제도', '개편안', '전경련', '조사', '제도', '개편', '근로시간', '최대', '내용', '반면', '다수', '언론사', '여론조사', '대도', '정부', '근로시간', '제도', '개편', '반대', '의견', '세대', '노조', '반대', '입장', '따라서', '의원', '주장', '대도', '근로시간', '확대', '부정', '사실', '누락', '대체로', '사실', '판정', '일종', '국민', '정책', '의장', '지난', '서울', '여의도', '국회', '원내', '대책', '회의', '발언', '오마이', '뉴스', '소연', '검증', '상주', '청년', '일종', '의원', '발언', '윤석열', '정부', '제한', '근로시간', '최대', '허용', '근로시간', '제도', '개편', '추진', '세대', '청년', '선호', '일종', '국민', '정책', '위원회', '의장', '지난', '라디오', '김종배', '시선집중', '인터뷰', '부분', '근로시간', '제도', '개편', '대해', '관련', '청년', '경우', '앞서', '이정식', '고용노동부', '장관', '근로시간', '제도', '개편', '방안', '발표', '요즘', '세대', '기성세대', '달리', '부회장', '나와라', '회장', '나와라', '성과급', '무슨', '근거', '정도', '권리', '의식', '적극', '권리', '의식', '실효', '크게', '도움', '정작', '노조', '새로고침', '노동자', '협의', '아래', '새로고침', '연장', '근로', '관리', '단위', '확대', '근로', '조건', '최저', '기준', '상향', '국제사회', '노력', '역사', '발전', '역행', '내지', '퇴행', '요소', '반대', '입장', '대통령', '입법', '예고', '기간', '근로자', '의견', '세대', '의견', '청취', '법안', '내용', '대국민', '소통', '관해', '보완', '검토', '라면', '검토', '지시', '관련', '기사', '세대', '비판', '여론', '대통령', '노동', '검토', '지시', '과연', '국민', '주장', '대가', '포함', '근로시간', '제도', '개편', '찬성', '검증', '방법', '검증', '내용', '대도', '반대', '우세', '전경련', '유도', '질문', '지적도']",성일종,0,"['근로시간', '제도', '개편', '세대', '청년', '국민', '일종', '반대', '의견', '검토', '정책', '의장', '나와라', '권리', '의식', '새로고침', '근로', '내용', '정부', '최대', '지난', '관련', '노조', '확대', '입장', '대통령', '지시', '주장', '전경련', '대도', '검증']",26
25,25,지하철 노령층 무임승차로 서울교통공사 재정 적자가 가중되고 있다,"['오세훈', '서울시장', '지난', '서울', '여의도', '국회', '의원', '회관', '노인', '무임', '소송', '정책', '토론회', '참석', '노령', '지하철', '무임', '승차', '서울', '교통', '공사', '재정', '적자', '가중', '일요', '서울', '무임', '승차', '지하철', '공사', '재정', '적자', '영향', '사실', '관계', '오세훈', '서울시장', '노인', '무임', '소송', '정책', '토론회', '참석', '지하철', '무임', '승차', '서울', '교통', '공사', '재정', '적자', '가중', '발언', '진성준', '민주당', '의원', '전국', '교통', '공사', '로부터', '제출', '무임', '수송', '손실', '현황', '자료', '분석', '결과', '최근', '도시철도', '운영', '기관', '무임', '승차', '제도로', '발생', '손실', '홍준표', '대구시', '주호영', '원내대표', '노인', '무임', '승차', '연령', '세로', '방안', '제시', '정치권', '공론', '움직임', '분석', '결과', '지하철', '무임', '승차', '서울', '교통', '공사', '재정', '적자', '가중', '사실', '판명', '오세훈', '서울시장', '지난', '서울', '여의도', '국회', '의원', '회관', '노인', '무임', '소송', '정책', '토론회', '참석', '지하철', '무임', '승차', '서울', '교통', '공사', '재정', '적자', '가중', '일요', '서울', '무임', '승차', '지하철', '공사', '재정', '적자', '영향', '사실', '관계', '오세훈', '서울시장', '노인', '무임', '소송', '정책', '토론회', '참석', '발언', '노인', '복지', '경로', '우대', '진성준', '민주당', '의원', '자료', '주호영', '국민', '언론', '인터뷰', '참조', '노컷', '브이', '쇼트', '커트', '서울', '연구원', '보고서', '시장', '노인', '무임', '소송', '정책', '토론회', '참석', '도시철도', '무임', '수송', '제도', '도입', '당시', '서울', '이상', '인구', '현재', '고령', '사회', '무임', '승차', '적자', '규모', '상황', '근본', '고민', '요금', '부담', '가중', '지하철', '재정', '적자', '매년', '육박', '이로', '서울', '교통', '공사', '적자', '도시철도', '요금', '인상', '부득이', '해진', '상황', '설명', '확인', '오세훈', '서울시장', '지난', '노임', '무임', '수송', '토론회', '참석', '시장', '자리', '지하철', '무임', '승차', '서울', '교통', '공사', '재정', '적자', '가중', '제공', '서울시', '우선', '교통', '약자', '무임', '승차', '제도', '시장', '발언', '전두환', '대통령', '지시', '이상', '노인', '대상', '처음', '도입', '장애인', '유공', '대상', '점차', '확대', '노인', '복지', '경로', '우대', '국가', '지방자치단체', '이상', '대해', '대통령령', '국가', '지방자치단체', '수송', '시설', '공능', '박물관', '공원', '공공시설', '무료', '이용', '요금', '할인', '이용', '국가', '비용', '부담', '법령', '근거', '도시철도', '운영', '기관', '손실', '부담', '진성준', '민주당', '의원', '전국', '교통', '공사', '로부터', '제출', '무임', '수송', '손실', '현황', '자료', '분석', '결과', '최근', '도시철도', '운영', '기관', '무임', '승차', '제도로', '발생', '손실', '구체', '서울', '교통', '공사', '부산', '교통', '공사', '대구', '도시', '철도공사', '인천', '교통', '공사', '대전', '도시', '철도공사', '광주', '도시', '철도공사', '손실', '집계', '해당', '제도로', '전국', '도시철도', '운영', '기관', '매년', '가량', '손실', '문제', '노인', '인구', '증가', '교통', '공사', '손실', '가능성', '진성준', '의원', '보도자료', '우리나라', '전체', '인구', '이상', '노인', '차지', '비중', '이상', '증가', '지하철', '무임', '수송', '인구', '증가', '예상']",오세훈,1,"['무임', '공사', '서울', '교통', '승차', '노인', '적자', '지하철', '재정', '손실', '의원', '토론회', '참석', '가중', '수송', '도시철도', '오세훈', '서울시장', '소송', '정책', '이상', '진성준', '운영', '기관', '인구', '지난', '사실', '발언', '민주당', '전국', '자료', '분석', '결과', '제도로', '시장', '요금', '부담', '국가', '도시', '철도공사', '증가']",27
26,26,난방비 폭탄은 문재인 정부의 탈원전 때문이다,"['여권', '지난', '폭등', '난방', '대해', '전기', '요금', '인상', '문재인', '정부', '원전', '정책', '주요', '원인', '원전', '폐기', '전기', '인상', '요인', '통해', '윤석열', '정부', '부담', '전가', '문재인', '원전', '책임', '제기', '사실', '한국', '세계', '입국', '가정', '난방', '도시가스', '보일러', '대부분', '차지', '전기', '난방', '사용', '세대', '비중', '통계', '정도', '산업', '통상', '자원부', '장기', '천연가스', '수급', '계획', '이후', '평균', '증가', '국내', '수입량', '대비', '증가', '세계', '물량', '부족', '외부', '변수', '간과', '난방', '인상', '난방', '폭탄', '문재인', '정부', '원전', '때문', '김기현', '의원', '주장', '대체로', '사실', '검증', '대상', '김기현', '국민', '의원', '전기', '요금', '인상', '문재인', '정부', '원전', '정책', '주요', '원인', '원전', '폐기', '전기', '인상', '요인', '통해', '윤석열', '정부', '부담', '전가', '페이스북', '주장', '검증', '검증', '방법', '글로벌', '에너지', '기업', '발표', '보고서', '확인', '장기', '천연가스', '수급', '계획', '확인', '검증', '내용', '국제', '유가', '진정', '보이', '액화천연가스', '가격', '갈수록', '러시아', '우크라이나', '전쟁', '유럽', '시작', '수급', '불안', '불똥', '한국', '세기', '선진국', '사람', '우려', '제기', '유럽', '겨울', '앞서', '경유', '재고', '시작', '이상', '고온', '유럽', '에너지', '위기', '안정', '국면', '반면', '시베리아', '고기압', '남하', '이상', '한파', '꽃샘추위', '한국', '연료비', '급등', '민생', '경제', '강타', '여당', '김기현', '의원', '문재인', '정부', '원전', '정책', '때문', '주장', '다만', '원전', '전력', '수급', '측면', '발전', '단가', '상승', '요인', '난방', '급등', '외부', '로부터', '충격', '기인', '한국', '세계', '입국', '필요', '글로벌', '에너지', '기업', '발표', '보고서', '지난해', '한국', '수입량', '중반', '규모', '중국', '일본', '상황', '가정', '난방', '도시가스', '보일러', '대부분', '차지', '전기', '난방', '사용', '세대', '비중', '통계', '정도', '주택', '난방', '도시가스', '보일러', '난방', '가정', '도시가스', '요금', '지역', '난방', '난방', '가정', '요금', '이원화', '지역', '난방', '경우', '난방', '온수', '용량', '계량기', '침해', '부과', '요금', '지난해', '도시가스', '요금', '인상', '칼로리', '택용', '조금', '이번', '겨울철', '난방', '급등', '외부', '충격', '구조', '요인', '결과', '산업', '통상', '자원부', '장기', '천연가스', '수급', '계획', '이후', '평균', '증가', '반면', '국내', '수입량', '증가', '대비', '증가', '세계', '물량', '부족', '외부', '변수', '세계', '입국', '한국', '영향', '간과', '난방', '인상', '한국', '가스', '공사', '매출', '수입', '민간', '도시가스', '전용', '판매', '과정', '발생', '가스', '요금', '충당', '부문', '장부', '미수', '천연가스', '가격', '급등', '미수', '산더미', '와중', '가스', '요금', '인상', '언제', '가격', '정상화', '도시가스', '요금', '인하', '상황', '원전', '비판', '주장', '원자력', '발전', '강점', '다른', '에너지', '지난해', '기준', '원전', '발전', '단가', '비롯', '태양광', '풍력', '수준', '원자력', '발전', '비중', '전기', '요금', '상승', '억제', '도시가스', '보일러', '가정', '난방', '에너지', '대부분', '차지', '현실', '검증', '결과', '도시가스', '보일러', '가정', '난방', '에너지', '대부분', '차지', '현실', '원전', '허수아비', '오류', '따라서', '전기', '요금', '인상', '문재인', '정부', '원전', '정책', '주요', '원인', '원전', '폐기', '전기', '인상', '요인', '통해', '윤석열', '정부', '부담', '전가', '주장', '대체로', '사실', '판정']",김기현,0,"['난방', '원전', '요금', '인상', '전기', '도시가스', '정부', '한국', '문재인', '가정', '에너지', '요인', '세계', '보일러', '수급', '증가', '주장', '검증', '정책', '대부분', '차지', '천연가스', '외부', '급등', '발전', '주요', '원인', '폐기', '통해', '윤석열', '부담', '전가', '사실', '입국', '비중', '장기', '계획', '수입량', '김기현', '의원', '가격', '유럽', '지난해', '가스']",28
27,27,노조가 정부 보조금 사용 내역 공개를 거부했다,"['노동조합', '회계', '투명', '문제', '정부', '노조', '충돌', '정부', '조합원', '이상', '노조', '회계', '자료', '제대로', '제출', '법치', '부정', '행태', '과태료', '부과', '조치', '취하', '압박', '노총', '노조', '자주성', '침해', '라며', '거세', '반발', '노조', '정말', '국민', '세인', '정부', '보조금', '사용', '공개', '거부', '주장', '근거', '논란', '여지', '노동조합', '회계', '투명', '문제', '정부', '노조', '충돌', '노동부', '조합원', '이상', '노조', '회계', '자료', '제대로', '제출', '발표', '윤석열', '대통령', '노조', '국민', '세인', '정부', '원금', '사용', '사용', '공개', '거부', '발언', '정부', '제출', '요구', '회계', '자료', '정부', '보조금', '사용', '노조', '조합원', '합비', '운용', '현황', '정부', '보조금', '매년', '감사', '보고', '따라서', '윤석열', '대통령', '발언', '전혀', '사실', '판정', '검증', '대상', '노조', '정부', '보조금', '사용', '공개', '거부', '윤석열', '대통령', '발언', '검증', '방법', '검증', '내용', '국민', '혈세', '정부', '보조금', '사용', '깜깜', '윤석열', '대통령', '노동조합', '회계', '투명', '성과', '관련', '국민', '세인', '정부', '원금', '사용', '법치', '부정', '사용', '공개', '거부', '행위', '대해', '단호', '조치', '동운', '대통령실', '대변인', '대통령', '한덕수', '국무총리', '주례회동', '노조', '개혁', '출발점', '노조', '회계', '투명', '라며', '브리핑', '권성동', '국민', '의원', '노총', '중앙정부', '광역', '지자체', '로부터', '원금', '평균', '수준', '세부', '고용노동부', '서울시', '비롯', '지자체', '명목', '노총', '지원', '노총', '정부', '원금', '경우', '관리', '감독', '문제', '주장', '한국', '노총', '국고', '지원', '금은', '공인', '회계사', '포함', '외부', '감사', '실시', '결과', '고용부', '제출', '과정', '기획재정부', '시스템', '도움', '통해', '처리', '지자체', '보조금', '해당', '시도', '의회', '승인', '설명', '한국', '노총', '중앙정부', '서울시', '공공기관', '지원', '금액', '수준', '민주', '노총', '정부', '원금', '거의', '주장', '한상진', '민주', '노총', '대변인', '사무실', '건물', '보증금', '차례', '지원', '부라', '현금', '우리', '마음대로', '수도', '금액', '설명', '정부', '보조금', '매년', '감사', '보고', '때문', '노총', '국민', '혈세', '사용', '공개', '거부', '현재', '정부', '제출', '요구', '자료', '노조', '조합원', '로부터', '합비', '운용', '현황', '노조', '회계', '서류', '내지', '정부', '보고', '의무']",윤석열,0,"['정부', '노조', '노총', '사용', '회계', '보조금', '국민', '제출', '공개', '거부', '대통령', '원금', '투명', '조합원', '자료', '윤석열', '지원', '노동조합', '문제', '세인', '주장', '발언', '감사', '보고', '검증', '지자체']",29
28,28,윤석열 대통령이 자동차세 연납 할인 혜택 축소했다,"['자동차세', '고지서', '시민', '온라인', '정권', '자동차세', '할인', '윤석열', '대통령', '부자', '감세', '서민', '증세', '지난해', '해도', '할인', '올해', '제외', '실제', '혜택', '시민', '궁금증', '불만', '정부', '갑자기', '할인', '정말', '대통령', '일부', '누리꾼', '윤석열', '대통령', '때문', '자동차세', '주장', '자동', '할인', '축소', '시행', '문재인', '정권', '확정', '할인', '도입', '할인', '축소', '처음', '정부', '지자체', '제로', '금리', '금융', '환경', '변화', '이유', '금리', '할인', '금리', '변동', '반영', '근거', '기준', '시행', '홍보', '최근', '금리', '인상', '반영', '다만', '윤석열', '정부', '금리', '상승', '선제', '대응', '대체로', '사실', '판단', '검증', '대상', '윤석열', '대통령', '때문', '자동차세', '취지', '댓글', '여럿', '게재', '누리꾼', '갑론', '검증', '방법', '지방', '세법', '시행', '한국은행', '기준금리', '추이', '한국은행', '경제', '통계', '시스템', '금리', '방재', '공개', '시스템', '지방', '재정', '지방세', '통계', '연감', '시정', '연구', '논총', '서울', '터전', '자동차세', '제도', '개선', '통한', '과세', '형평성', '논문', '행정안전부', '부동산', '제과', '홍삼', '과장', '인터뷰', '서울시', '세무', '유경', '주무관', '인터뷰', '선택', '한국', '납세', '연맹', '회장', '인터뷰', '검증', '내용', '자동차세', '매년', '차례', '먼저', '선납', '신청', '제외', '나머지', '기간', '해당', '세금', '실제', '혜택', '선납', '할인', '지난해', '해도', '할인', '올해', '제외', '실제', '혜택', '시민', '궁금증', '사실', '증세', '불만', '올해', '단계', '축소', '자동차세', '할인', '규정', '지방', '세법', '시행', '조항', '신설', '자료', '지방', '세법', '시행', '지방', '세법', '시행', '행정안전부', '서울시', '통해', '관련', '내용', '결과', '할인', '할인', '올해', '축소', '규정', '지방', '세법', '시행', '신설', '행안부', '관계자', '한국', '일보', '통화', '자동차세', '징수', '납세', '편의', '목적', '도입', '할인', '제도', '시작', '할인', '지금', '마찬가지', '그동안', '변경', '설명', '이번', '할인', '축소', '사상', '처음', '할인', '조정', '이유', '정부', '지자체', '당시', '금리', '제로', '금리', '할인', '조정', '시정', '연구', '논총', '서울', '터전', '게재', '자동차세', '제도', '개선', '통한', '과세', '형평성', '논문', '시행', '신설', '이전', '외환위기', '당시', '금리', '글로벌', '금융위기', '당시', '부터', '코로나', '발생', '직전', '기준금리', '유지', '할인', '전혀', '변동', '정부', '지자체', '논리', '라면', '진보', '보수', '정권', '막론', '금리', '경우', '할인', '율도', '전부', '반영은', '금리', '할인', '율도']",인터넷 커뮤니티,0,"['할인', '금리', '자동차세', '시행', '지방', '정부', '축소', '세법', '윤석열', '대통령', '올해', '시민', '정권', '제외', '실제', '혜택', '지자체', '검증', '제도', '인터뷰', '신설', '당시']",30
29,29,서울시 택시비 인상 따른 교통비 문제 대안 마련했다,"['서울시', '요금', '인상', '택시', '요금', '인상', '겹치', '서민', '부담', '야간', '택시', '이용', '시민', '과중', '요금', '대안', '통계청', '가계', '소득', '지출', '교통비', '지출', '대비', '증가', '서울시', '택시', '인상', '심야버스', '증차', '운영', '시간', '증가', '노선', '확장', '대안', '마련', '서울시', '요금', '인상', '택시', '요금', '인상', '겹치', '서민', '부담', '야간', '교통', '이용', '시민', '공유', '자전거', '보드', '이용', '상황', '교통비', '부담', '문제', '대안', '마련', '일요', '서울', '확인', '서울시', '서울특별시', '버스', '운송', '사업', '조합', '취재', '결과', '대안', '마련', '사실', '판명', '검증', '대상', '서울시', '요금', '인상', '택시', '요금', '인상', '겹치', '서민', '부담', '상황', '서울시', '인상', '안과', '심야버스', '버스', '증차', '운영', '시간', '증가', '노선', '확장', '대안', '마련', '검증', '방법', '서울시', '택시', '요금', '체계', '개편안', '보도자료', '서울시', '택시', '정책', '담당자', '인터뷰', '서울시', '버스', '정책', '담당자', '인터뷰', '서울시', '교통', '정책', '담당자', '인터뷰', '서울특별시', '버스', '운송', '사업', '조합', '취재', '심야', '전용', '시내버스', '올빼미', '버스', '운행', '검증', '내용', '서울시', '요금', '인상', '택시', '요금', '인상', '겹치', '서민', '부담', '야간', '교통', '이용', '시민', '겨자', '먹기', '지하철', '운행', '카페', '시간', '경우', '추세', '거리', '공유', '자전거', '보드', '이동', '거나', '캡슐호텔', '사람', '택시', '부담', '더욱', '때문', '통계청', '자료', '가계', '소득', '지출', '상승', '통계청', '가계', '소득', '지출', '교통비', '부문', '자료', '서울', '택시', '요금', '지난', '인상', '거리', '현행', '단축', '심야', '할증', '최대', '적용', '이용', '부담', '상황', '더욱이', '심야', '할증', '기존', '대비', '오후', '적용', '서울시', '택시', '인상', '계기', '대해', '택시', '정책', '측은', '첫째', '적자', '둘째', '승차', '도난', '해소', '위함', '택시', '운송', '원가', '분석', '산정', '용역', '근거', '수입', '지출', '분석', '택시', '인상', '설명', '택시', '업계', '영상', '어려움', '가중', '판단', '시작', '승차', '해소', '위해', '심야', '할증', '택시', '요금', '정안', '의회', '의견', '청취', '물가', '대책', '위원회', '최종', '확정', '결과', '시민', '불편', '호소', '택시', '인상', '부작용', '서울시', '대비', '서울시', '택시', '정책', '올빼미', '버스', '서울시', '자정', '새벽', '운행', '심야', '전용', '확대', '지하철', '막차', '시간', '연장', '대안', '마련', '주장', '확인', '결과', '지난해', '노선', '연장', '기존', '노선', '분리', '포함', '버스', '기존', '대로', '증차', '유동', '구가', '노선', '배차', '간격', '기존', '최대', '중단', '지하철', '심야', '운행', '지난해', '연장', '오전', '오전', '서울시', '택시', '요금', '체계', '개편안', '보도자료', '서울특별시', '버스', '운송', '사업', '조합', '서울시', '올빼미', '버스', '확대', '운영', '계획', '지난해', '발표', '미만', '미만', '이상', '거리', '심야', '시간대', '버스', '이용자', '분석', '노선', '운영', '계획', '마련', '노선', '버스', '운행', '규모']",언론사 자체 문제 제기,1,"['택시', '서울시', '인상', '요금', '버스', '부담', '노선', '심야', '대안', '마련', '이용', '지출', '정책', '운행', '겹치', '서민', '시민', '운영', '시간', '운송', '기존', '야간', '통계청', '가계', '소득', '교통비', '대비', '증가', '증차', '교통', '상황', '서울특별시', '사업', '조합', '결과', '검증', '담당자', '인터뷰', '올빼미', '지하철', '거리', '할증', '분석', '연장', '지난해']",31
