row_id,내용,상세내용,주장/검증매체
0,새만금잼버리 현장 점검텐트 치기 부적합  전주MBC 230430 방송,"['문제', '대회', '점검', '현장', '실제']",전주MBC News
1,제7회 탄소중립 테크포럼,"['국내', '투자', '관련', '개선']",한국에너지기술평가원 - KETEP
2,핵발전으로 탄소중립비용 대비 효과,"['효과', '문제', '탄소', '발전', '비용', '감축']",CPBC 뉴스
3,에너지지식탐구8화  탄소중립의 세 번째 영역  발전,"['에너지', '전환', '재생에너지', '발전']",E 스튜디오
4,홍사훈의 경제쇼 디레버리징 한은총재는 비겁했다한국판 민스키 모멘트가 왔다ㅣKBS 230713 방송,"['직원', '세금', '해결', '사회', '최저임금']",KBS 1라디오
5,실업급여 제도 싹 바뀝니다 근로자 사업주 모두 관련되어 있습니다,"['고용', '실업', '제도', '이번', '정부']",시니어세상
6,5월부터 완전히 바뀐다 결국 이런사람 실업급여 안 준다,"['실업', '신청', '활동', '급여', '이상']",돈되는 상식!
7,여자분들 샤넬 사고 거적때기입고 신청 당정 실업급여 축소 검토 후폭풍  핫이슈PLAY MBC뉴스 2023년 7월 16일,"['고용', '계획', '일자리', '지원', '사업', '정부']",MBCNEWS
8,당정 실업급여 하한액 낮추거나 폐지 검토노동계 반발  SBS,"['최저임금', '급여', '수급', '실업']",SBS 뉴스
9,자막뉴스 한국 핵무장 전 세계 소프트파워 파괴 강력한 경고  YTN,"['무장', '한미', '한국', '핵무기']",YTN
10,신장식의 뉴스하이킥  오염수 방류 초읽기 세슘 범벅 우럭 잡혔다 현충일 추념사 한미 핵 기반 동맹 격상 헬마우스김민하전현희 용혜인장예찬 박래군,"['철강', '온라인', '아이', '의료']",MBC 라디오 시사
11,EZ 이코노미 게임스탑 사태 유발한 숏스퀴즈란 무엇일까  이투데이,"['주식', '공매도', '주가', '투자자']",이투데이TV
12,토지거래허가구역  경기도 난리났다,"['매수', '법인', '문제', '지역', '구역', '외국', '우리나라', '외국인']",라이트하우스
13,뉴있저 집값 들썩에 오세훈 토지거래허가제 검토주호영만 머쓱  YTN,"['허가', '안정', '규제', '시장', '구역', '거래', '토지']",YTN
14,초강력 토지거래허가제 뜬다 아파트 급추락 대위기,"['부동산', '수도권', '서울', '지금']",김종갑의 경제부동산
15,국가인적자원개발 컨소시엄 사업의 뿌리 한국산업인력공단을 가다,"['사업', '기업', '참여', '교육']",국가인적자원개발컨소시엄
16,2023 E74 비자 점수제 숙련기능인력 비자 E74 VISA in 2023 Point Chart,"['구독', '설명', '신청', '유튜브', '점수']",장행닷컴 VISA in KOREA
17,이슈뉴스 흔들리는 뿌리 산업장인 DNA 심어라,"['일본', '기술', '경쟁력', '대기업', '기업', '산업', '정부']",KBS News
18,한국어 출입국 강의 E74 비자 점수제 숙련인력비자 뿌리기업 추천서 준비 상세 설명,"['이상', '시간', '프로그램', '부터', '단계', '점수']",장행닷컴 VISA in KOREA
19,줄어든 외국인력 뿌리산업 직격탄장기 체류 확대해야 9시뉴스  KBS 20221222,"['고용', '허가', '입국', '코로나', '인력']",KBS News
20,윤석열 대통령 5년간 바보 같은 짓 안했다면 원자력 경쟁자 없었을 것원전 협력업체 방문해 지난 정부 탈원전 정책 강하게 비판 현장영상  SBS,"['세계', '시장', '방향', '지금', '원전', '산업', '정부']",SBS 뉴스
21,북한용 원전 짓고 폐기물은 국내 처리  KBS 20210202,"['방안', '안전', '국민', '검토', '정책', '원전']",KBS News
22,대법원 파업노동자 손해배상 제한 판결국회 계류 노란봉투법 취지와 유사여야 반응 엇갈려이슈 2023년 6월 15일목KBS,"['결정', '조건', '노동자', '정부']",KBS News
23,노란봉투법 야당 주도로 환노위 통과여당 퇴장  KBS 20230221,"['국회', '통과', '국민', '위원', '파업', '노동자']",KBS News
24,노란봉투법  주도 환노위 통과 거부권 건의  YTN,"['대통령', '법안', '통과', '의원']",YTN
25,제2의 SG사태 5개 종목 무더기 하한가주가조작 연루 의심특정 주식 커뮤니티 추천 종목 의혹 제기배후는 누구이슈 2023년 6월 14일수KBS,"['부분', '투자', '사람', '기간', '거래', '주가']",KBS News
26,주가 조작 라덕연 일당 줄줄이 체포해외 은닉 재산도 추적  YTN,"['휴대폰', '혐의', '검찰', '대표']",YTN
27,주가 조작 라덕연 일당 줄줄이 체포해외 은닉 재산도 추적  YTN,"['휴대폰', '혐의', '검찰', '대표']",YTN
28,전세 안전판 전입신고확정일자 모두 뚫렸다 9시 뉴스  KBS 20230308,"['위조', '오피스텔', '전세', '보증금', '전입', '임대']",KBS News
29,직접 1억을 사기 당하고 알게된 전세사기의 모든 것,"['등기', '주소', '관계', '전세', '소유권', '확인', '사람', '계약', '표시', '권리']",호갱구조대
30,무시당하던 한국이 미국 중국 일본 쌈싸먹었던 전설의 사건,"['예언', '부동산', '이명박', '정책', '주택']",1급 비밀
31,대통령의 미국 국빈방문 내용과 성과 총 정리  국빈방문 정상회담 핵무기,"['부분', '해결', '소송', '지금', '이야기']",김지윤의 지식Play
32,모르면 당한다 미국 대통령과 세계 헤지펀드 왕이 밝힌 달러 정보 2가지,"['얘기', '대한민국', '지금', '한국', '기업', '산업']",이지성
33,후쿠시마 삼중수소가 무해  연구진 실험으로 일축 뉴스zipMBC뉴스,"['장관', '일본', '이번', '원전']",MBCNEWS
34,핵고수 맞토론 후쿠시마 오염수 문제는 플루토늄 vs 괴담은 그만,"['말씀', '문제', '생각', '우리나라']",CBS 김현정의 뉴스쇼
35,오미크론으로 유럽미국 등 확진자 사상 최다WHO 위험 매우 커  KBS 20211229,"['국가', '조치', '추가', '기록']",KBS News
36,예금보험공사의 예금자 보호법이 적용 안되는 은행들이 많습니다 꼭 알고 있어야 하는 예금자 보호법 상식,"['예금', '금액', '보호', '보험', '오늘']",돈되는 상식!
37,90퍼센트가 모르고 있다 빨리 통장 확인하세요 그냥 두면 돈 다 날립니다,"['예금', '은행', '상품', '보호', '금융']",조여사전성시대
38,단독 동의 어렵다근로시간 개편 참여 보건 전문가 사의 9시 뉴스  KBS 20230329,"['전문가', '교수', '건강', '정부', '내용']",KBS News
39,경제대기권 주 69시간 허용 저녁 없는 삶 9시 뉴스  KBS 20221217,"['노조', '선진국', '시간', '우리나라', '노동']",KBS News
40,서울 지하철 요금 오르나무임수송 국고 지원 무산  KBS 20221226,"['인상', '소송', '요금', '서울시']",KBS News
41,불붙은 지하철 무임승차 연령 상향 논의  뉴스A 라이브,"['할인', '필요', '소득', '지금']",채널A 뉴스
42,강선우 윤 정부 노조 탄압 프레임 시도딱 한방으로 무너뜨리는 한덕수 국무총리,"['노조', '생각', '집회', '정부', '노동']",시사포커스TV
43,민노총에 세금 수십억 지원 거대 노조 회계 손본다  뉴스A,"['국가', '노조', '한국', '정부']",채널A 뉴스
44,현장영상  대통령 과거 정부는 포기했지만민노총 용납하지 않을 것  채널A,"['불법', '집행', '집회', '국민']",채널A 뉴스
45,1월 자동차세 연납 할인 10퍼센트에서 3퍼센트 까지 축소왜 모하비 오너는 웁니다,"['세금', '경우', '지금', '자동차', '정도']",모하비학개론
46,자동차세 납부할 때 할인 받는 방법무통장 입금 하지 마세요,"['삼성', '링크', '커피', '카드', '신청', '혜택', '이상']",부동산 분석하는 남자
47,2023 자동차세연납 신청기간 에서 02 01 7퍼센트 할인 카드 혜택,"['세금', '경우', '납부', '카드', '할인']",버킷tv
48,자막뉴스 그냥 줄도산입니다 지금 진짜 심각하다는 택시 상황  KBS 20230424,"['업계', '요금', '택시', '부산', '응답', '인상']",KBS News
49,한눈에 이슈 택시 안 타요 안 타불금에도 곳곳 빈 차  KBS 20230404,"['요금', '택시', '거리', '인상', '정도']",KBS News
50,흑해 함대 러시아 군함 또 격침아조우스탈 민간인 대피 완료  YTN,"['화재', '우크라이나', '러시아', '시설', '의료']",YTN
51,단독 모르면 못 받는다가스전기료 감면 40만 가구 누락  JTBC 뉴스룸,"['가스', '요금', '지원', '규정', '정부']",JTBC News
52,전기가스요금 올리면서 또 전 정부 탓한  정부 잘못된 프레임 비판 나오는 이유  박상인박시동 신장식의 뉴스하이킥 MBC 230515 방송,"['발전', '전력', '에너지', '가격', '구조']",MBC 라디오 시사
53,난방비폭탄 가스공사 영업익 18조정부 배당 추진한국경제TV뉴스,"['배당', '가스', '지금', '한국', '공사', '정부']",한국경제TV뉴스
54,내년 전기가스요금 인상 불가피올해 인상 폭 2배 9시뉴스  KBS 20221216,"['가스', '국회', '내년', '요금', '채권', '올해', '계획', '인상', '정부']",KBS News
55,재개발 재건축에서 5년간 재당첨금지규정 어떻게 적용되는가,"['관리', '지역', '분양', '지구', '수도권']",용산이만수TV
56,물사용량 기준 제각각 규정 적용도 제멋대로 김찬년,"['계획', '적용', '기준', '처리', '사업']",제주MBC NEWS
57,사업규모에 따라 다르게 적용받는 노동법 규정,"['이상', '사업', '적용', '휴가']",눈졸린
58,300만뷰 돌파집값 하락 금리는 방아쇠일 뿐 최영일의 시사본부특집 30분 인터뷰주진형 전 한화투자증권 대표KBS 220811 방송,"['대표', '소비자', '보호', '지금', '오늘', '강의']",KBS 1라디오
59,에디터픽 집값 억대 하락 난리 났다과거 위기 때와 다른 점  YTN,"['상황', '지금', '비교', '가격', '하락']",YTN
60,이걸 미미가  Q대출금리가 오르면 왜 집값이 떨어질까요 뿅뿅지구오락실2 EP9  tvN 230707 방송,"['대출', '이자', '사람', '금리']",tvN
61,정말 최악의 상황 충격적인 부동산의 현실 수입 없이 이자만 물어내고 있는 ㅠ,"['부동산', '시간', '촬영', '지역']",표영호 tv / 경제적 자유와 행복을 위하여
62,쌀값 폭락에정부 쌀 45만 톤 매입해 시장 격리  YTN,"['쌀값', '생산', '시장', '지난해']",YTN
63,양곡관리법  단독 처리쌀값 폭락은 정부 탓 농민에 혼쭐,"['비판', '의원', '조정', '관리', '민주당', '처리', '정부']",뉴스TVCHOSUN
64,운전자 한정범위를 벗어나 운전할 때의 보험보상 적용 조건,"['수가', '경우', '운전자', '보험', '운전']",보험금해결사
65,90초금융 법정최고금리인하에 맞춘 대출 꿀팁 이지만 퀴즈 이벤트가 보인단이야,"['대출', '이용', '최고', '금리']",금융위원회
66,대출을 고민 중이시라구요  이 영상부터 보고 가세요 법정최고금리 인하,"['영상', '대출', '금리', '상품', '금융', '이용']",금융위원회
67,한국시황 삼성전자 CAPEX CUT 기대감증폭 법정최고금리 인상되나,"['전자', '하반기', '전망', '삼성']",증시각도기TV
68,이것만 알아도 떼인 전세보증금 전부 돌려받을 수 있습니다,"['영상', '집주인', '전세', '보증금', '보험', '계약', '보증']",상속전문변호사 우강일
69,집주인 바뀌고 계약서 ooo하면 보증금 날립니다,"['영상', '집주인', '매매', '계약', '임차']",상속전문변호사 우강일
70,결국 기아가 먼저 일 냈다 보조금 없이 2천만원에 살 수 있는 전기차,"['센터', '지금', '입장', '서비스', '인력', '전기차']",김승현 안피디의 스포일러
71,와이즈픽 프랑스까지 등 터진 한국 전기차  YTN,"['유럽', '법안', '보조금', '전기차']",YTN
72,중국 전기차 줄도산 KBS312회20230603방송,"['직원', '공장', '생산', '중국', '전기차']",KBS 세계는지금
73,포드 F150 라이트닝이 국내에서 전기차 보조금 받으면 경차보다 싸게 구입 가능하다 픽업트럭의 장점,"['트럭', '지급', '가격', '모델', '차량', '보조금', '전기차', '국내']",오토버프 AUTOBUFF
74,속보 윤석열 정부 화물연대 업무복귀 않으면 안전운임제 전면 폐지 검토 RNB 레지스탕스TV 정광용TV,"['법안', '윤석열', '정부', '지금']",[정광용 TV]레지스탕스TV
75,안전운임제 유지됐지만진짜 뇌관은 다단계 하도급  KBS 20220629,"['안전', '업체', '수수료', '운송', '운임']",KBS뉴스 경남
76,자막뉴스 1057원에 인수된 SVB역대급 파산에 경악  YTN,"['은행', '금리', '자산', '인상']",YTN
77,다음은 어느 스타트업 차례일까,"['기업', '오늘', '상황', '지금']",티타임즈TV
78,투자유치가이드 4편ㅣ적정 기업가치,"['경우', '투자', '가치', '투자자', '기업']",한국벤처투자
79,파업현장에서는 민노총의 이런 파업 처음 불법행위 사라지고 작업 복귀 급증하고 있다,"['노조', '사업', '투쟁', '하루', '불법', '원칙', '파업', '정부']",성창경TV
80,윤석열 경제 상처내고 끝난 화물연대 파업 유감불법행위에 대해 끝까지 책임 물을 것대통령 주재 국무회의  SBS,"['건강', '국민', '상황', '보험', '의료']",SBS 뉴스
81,의 노조개혁 본격화 화물연대 파업 중 불법행위 끝까지 책임 묻겠다 민노총 멘붕,"['노조', '개혁', '지금', '윤석열', '정부']",성창경TV
82,화물연대 철도노조 줄줄이 파업 예고윤 대통령 불법에 엄정 대응  YTN,"['정부', '노조', '파업', '화물']",YTN
83,에디터픽 극소수 귀족노조의 이기적 집단행위화물연대 파업 강경 대응 예고  YTN,"['대통령', '명령', '업무', '회의', '화물']",YTN
84,아이오닉5 또 화재 블랙박스 영상에 충격전기차 공포 현대차의 해결책은,"['화재', '발생', '전기차', '지금']",김한용의 MOCAR
85,현대 아이오닉5 충돌 화재 원인전기차 반드시 해결해야 할 3가지 문제,"['운전자', '자동차', '전기차', '지금']",김한용의 MOCAR
86,현대 코나 전기차 화재는 진행 중더 심각해지기 전에 해결해야 오늘의 모카,"['만약', '생각', '전기차', '지금']",김한용의 MOCAR
87,주택 수 포함 안되는 1억 2억 3억이하 주택 이것 모르면 큰일,"['이하', '세금', '포함', '적용', '주택']",부동산쇼
88,주택 종부세 직접계산해 봅시다  사례로 풀어보는 종부세 계산법입니다,"['종부세', '한번', '납부', '계산', '지역', '대상', '주택']",배기중 세무사
89,조정대상지역 해제와 종합부동산세 완화가 미치는 영향feat 세무사,"['보유', '조정', '지역', '과세', '대상', '주택']",김택스
90,공정한 경쟁도 중요하지만 EU양반 거 규제가 너무 심한 거 아니오 ㅠㅠ 역외 보조금 규제 법안ㅣ통상담소 EP4,"['경쟁', '이후', '규제', '법안', '보조금', '기업']",영동대로 511
91,EU 정부보조금 받은 기업 진출 규제자국 산업보호 차원,"['경우', '규제', '이유', '보조금', '지원', '기업', '정부', '이상']",SBS Biz 뉴스
92,삼성도 전전긍긍인데 EU 보조금 문턱 더 높인다 20221208,"['법안', '보조금', '기업', '이유']",이데일리TV
93,냉동실 이런 식품 지금 당장 버리세요 당신은 세균을 먹고 있습니다,"['보관', '냉동', '식품', '방법']",조여사전성시대
94,냉동생선 해동없이 바로 굽는 특급비법,"['부터', '부분', '냉동', '상태']",코코네
95,냉장고에 이 음식 있다면 당장 꺼내세요 냉동실에서 잘못 꺼내면 독이 될 수 있어요에서 냉장고청소 냄새제거,"['효과', '도움', '커피', '사용']",건나물TV
96,재건축초과이익환수제 어디까지 알고 있니김예림 재건축 전문 변호사,"['경우', '조합원', '수가', '부담']",HCN 핫콘뉴스
97,토지공개념 여기가 공산주의냐 재건축초과이익환수제가 위헌인 이유 투미TV,"['부담', '재건축', '환수', '이익']",투미부동산[투미TV]
98,자막뉴스 깡통 전세 현상 심화 우려에 결국 국토교통부가 나서  YTN,"['금액', '전세', '규모', '입자', '가격', '주택']",YTN
99,에디터픽 부동산 거품 붕괴 신호깡통 전세에 2030 어쩌나  YTN,"['신고', '전세', '사기', '계약', '임대']",YTN
100,단독반경 2km 내 깡통전세 아파트 500개 경매  뉴스A,"['전세', '경찰', '아파트', '확인', '세대', '수사', '인천']",채널A 뉴스
101,뉴있저 소부장  의존 탈피길은 멀지만 가능성 보았다  YTN,"['반도체', '일본', '전체', '매출', '기업']",YTN
102,반도체 부품 일본에 역수출 성공소부장 기술독립 가시화 전국네트워크뉴스,"['반도체', '일본', '장비', '기술', '지원', '기업', '부장', '대기업', '자금', '사업', '산업']",MBN News
103,금융당국 대출 금리 인하 요구 주택담보대출 차주 소득공제 확대 추진,"['부담', '금리', '중도', '대출']",쇼킹부동산
104,미국 한국 기준금리 인하 시점은 언제일까,"['금리', '내년', '가능성', '올해']",쇼킹부동산
105,취업승진자산 증가했다면 금리인하 신청할 수 있어요  김소통의 1분 정책,"['금리', '요구', '상태', '신용', '금융', '정책', '회사']",대한민국 오늘정책
106,자막뉴스 도 힘든데 유럽까지한국 배터리 초긴장  YTN,"['발표', '관련', '입장', '규정', '혜택', '보조금', '전기차']",YTN
107,2023년 전기차 보조금 또 바뀐다불안한 정책 이래도 되나,"['얘기', '브랜드', '우리나라', '지금']",김한용의 MOCAR
108, 전기차 보조금 16개 차종 공개현대차기아는 빠져  YTN,"['공장', '배터리', '대상', '보조금', '전기차']",YTN
109,풀영상 론스타 분쟁 2억 1650만 달러 배상 판정법무부 취소 신청 검토한동훈 법무부 장관 론스타 분쟁 결과 관련 브리핑8월 31일 수KBS,"['이번', '정부', '절차', '공개']",KBS News
110,론스타 먹튀 스티븐 리 17년만에 미국서 체포법무부 신속히 송환범죄인 인도 재판 뒤 한국 송환이슈 2023년 3월 6일월KBS,"['조건', '소송', '투자', '지금']",KBS News
111,에디터픽 투자 귀재 버핏 폭탄발언미국 경제 초토화 상황  YTN,"['문제', '한국은행', '환율', '걱정', '이면']",YTN
112,매월 35만원 이 주식 사세요 나중에 19억이 됩니다 수페TV,"['변화', '시간', '투자', '노동']",김작가 TV
113,몰아보기 쏟아지는 부동산 매물의 의미 역전세난 본격화 시점은 하반기 부동산 시장 전망 ft 이광수 광수네복덕방 대표 김기원 리치고 대표 미드나잇초대석경제자유살롱SBS,"['부동산', '금리', '내년', '지역', '지금', '하락', '정도']",SBS 뉴스
114,전세버스 대란 현실화기사가 없어요ㅣMBC충북NEWS,"['기사', '버스', '코로나', '업계']",MBC충북NEWS
115,6월 서울아파트의 엄청난 역전세 대란 시작될 것 늘어날 아파트 전세 사기 깡통전세  서울 아파트 상승한다는 뉴스가 가짜인 이유ㅣ한문도 교수,"['사람', '시장', '정부', '지금']",815머니톡
116,9월부터 온다는 역전세 대란정부 빚을 또 빚으로 와이즈픽  YTN,"['해결', '가계부채', '국가', '뉴스', '규모', '우리나라']",YTN
117,우주에 베팅한 한화그룹 왜 한화시스템 한화에어로스페이스 쎄트렉아이 투자포인트  허란의 경제한끼  정의훈 유진투자증권 애널리스트,"['부분', '매출', '산업', '국내']",한경 글로벌마켓
118,시행 1년 남은 여성임원 할당제상장법인 60퍼센트 여성임원 0명  KBS 20210806,"['인력', '기업', '선임', '여성']",KBS News
119,정부 유휴노후 국유재산 매각새 건물 속여 파는 도둑질 정책최배근 취임 100일 위기의 골든타임국민의힘 앞날은이언주최민희 김어준의 뉴스공장,"['민주당', '지금', '선택', '대표']",TBS 시민의방송
120,똘똘한 건물 한채로 노후를 인수가 1억5천만원  월세 648만원,"['부동산', '건물', '인구', '투자']",부동산 TV 호야
121,한눈에 이슈 지구 존폐 10년 내 결정 유엔의 섬뜩한 경고우리 대응은  KBS 20230322,"['문제', '해결', '소비', '에너지', '이번', '보고서']",KBS News
122,다큐S프라임 기후 위기 스페셜  인류에게 보내는 지구의 경고  YTN 사이언스,"['탄소', '기술', '상승', '변화', '영향', '지구', '환경']",YTN 사이언스
123,공유 전동 킥보드 사용법 이용방법 및 가격 영상하나로끝 총정리,"['사진', '영상', '비용', '이용', '오늘', '코드']",누구나선불폰
124,Ep 5 민식이법특가법 공시족 그리고 공유 전동킥보드,"['업체', '이용', '이후', '공시']",오석주 [Hobbes Oh]
125,원룸 전세 사기 이렇게 칩니다 책 전세금을 지켜라가 출간되었습니다,"['배당', '신고', '기억', '보증금', '이사', '확정']",덕방연구소
126,전세 안전판 전입신고확정일자 모두 뚫렸다 9시 뉴스  KBS 20230308,"['위조', '오피스텔', '전세', '보증금', '전입', '임대']",KBS News
127,ET 믿고 거래했다가 집 날렸습니다등기부등본을 믿지 마세요  KBS 20221121,"['보험', '권리', '확인', '전세']",KBS News
128,직접 1억을 사기 당하고 알게된 전세사기의 모든 것,"['등기', '주소', '관계', '전세', '소유권', '확인', '사람', '계약', '표시', '권리']",호갱구조대
129,법인 대표님들의 급여 얼마로 책정하면 좋을까요이원정 회계사,"['금액', '활용', '세율', '보험료', '회사', '급여']",경제인회계인
130,G7 최저 법인세율 15퍼센트글로벌 IT기업 매출 발생국에서 세금 납부 합의  YTN,"['합의', '법인', '장관', '세율', '글로벌', '과세', '이번', '기업', '국제']",YTN
131,내게 맞는 부동산 투자유형 찾기6  부동산매매 법인사업자법인세,"['법인', '양도', '경우', '개인', '사업', '주택']",세금의 모든것 - 가감세무TV
132,일본반응블룸버그 발표 대한민국 혁신국가 세계 2위 일본은 10위권 밖으로 퇴장,"['혁신', '일본', '한국', '세계']",베이비버그 BabyBug
133,블룸버그 통신 한국 국가 경제 부도 순위 포함 발표 빚쟁이 젊음이들의 청춘별곡 다가온다,"['센터', '국가', '생산', '지금', '금융', '한국']",박 홍기 작가 TV 삶 테크
134,최대 4억 무이자대출에서 191퍼센트 정부지원 29가지 총집합 초저금리 대출 방법 알려드립니다,"['상공', '창업', '금리', '대출', '지원', '대상', '다음']",복지마블TV [Welfare Marble]
135,2023년 바뀐 디딤돌대출 쉽게 설명했어요 영상보고 저금리상품으로 집사세요 영상중에 신혼부부생초 2자녀 소득 7천만원까지가 해당입니다 7천넘으면 안됩니다 ,"['경우', '대출', '이용', '조건']",레오대출연구소
136,입출금통장 금리가 연 5퍼센트 현 시점 혜택 제일 좋은 월급통장 6종 추천,"['추천', '이용', '신청', '서비스', '통장']",개념있는 희애씨
137,박란희의 TalkTalk 한국전력 8435억 온실가스 배출권 소송전 벌어지나,"['문제', '배출', '기준', '정부', '이야기']",임팩트온
138,2020년 산업발전부문 관리업체 온라인 실무교육  ,"['조건', '경우', '결과', '과정', '기간', '확인', '개발', '사용']",한국에너지공단 : KEA(Korea Energy Agency)
139,2030 온실가스 배출량 40퍼센트 감축 목표 책임감 있게 준수국가 탄소중립 녹색성장 기본계획 합동 브리핑 23321,"['계획', '탄소', '지원', '중국', '산업']",KTV 국민방송
140,이것 모르고 현금서비스 카드론 쓰면 큰일납니다 feat 돈아끼는 헌서카드론 사용방법,"['현금', '상환', '카드', '오늘', '중도', '서비스', '말씀']",은행다니는 우빈아빠
141,자막뉴스 고신용자도 금리 16퍼센트돈줄 마르자 현금 쟁탈전  YTN,"['대출', '금리', '확보', '신용', '카드', '최근', '우려', '자금', '인상']",YTN
142,돈 버는 카드론 현금서비스 사용 방법  활용 꿀팁 ㅣ대출지니어스,"['경우', '대출', '영상', '선택']",알려줘! 금융
143,신용점수가 중요한 이유는 신용점수 즉시 올리는 방법 대출이자 줄이는 방법,"['금액', '대출', '사회', '신용', '방법', '사용', '점수']",복지마블TV [Welfare Marble]
144,신용카드현금화로 신용점수 영향 1도없이 500만원까지 바로 돈 빌리는법 카드론X,"['대출', '현금', '신용카드', '업체', '이용', '서비스', '마련', '방법']",모두의대출
145,KEC 주요개정사항2 차단기 케이블 설계1 Korea Electro technical Code 한국전기설비규정 민찬식 기술사 ,"['부분', '설명', '시간', '오늘', '변경']",전기쟁이들의 공부방
146,100g에 2천원 수입 소고기기름값도 하락세체감물가는 여전히 높아,"['소비자', '가격', '물가', '하락']",뉴스TVCHOSUN
147,에어컨의 이것을 눌렀더니 하루종일 틀어도 한달 전기세가 반으로 줄었습니다 에어컨 전기세 줄이는 법,"['영상', '전기', '요금', '기능', '오늘', '도움', '코드', '정도']",황금설명서
148,개인회생 통장내역 이런 것이 문제된다,"['사용', '현금', '확인', '계좌']",회생파산TV 김영룡법무사
149,중고차 초보 90퍼센트가 모르는 엔진상태 확인법  단 5초면 끝,"['관리', '수가', '상태', '한번']",검품중고차
150,에디터픽 투자 귀재 버핏 폭탄발언미국 경제 초토화 상황  YTN,"['문제', '한국은행', '환율', '걱정', '이면']",YTN
151,중국반응러시아와 대만 군사전문가의 뼈 때리는 발언에 멘붕 온 중국중국 무기 60퍼센트 사용 못해 중국 항모는 전력감 안돼 놀래키는 정도한국 글로발 방산수출 9위중국어로,"['수출', '세계', '최근', '중국', '국제']",중국어로 [路]
152,자막뉴스 시진핑 작심 발언 경제 위기 일촉즉발  YTN,"['반도체', '기술', '무역', '유지', '중국']",YTN
153, 전기버스 첫 한국 진출가격도 기술력도 세계수준  KBS뉴스News,"['버스', '사업', '전기', '시작', '배터리', '중국']",KBS News
154,아무리 인기가 많아도 수출이 불가능한 한국식품 top3,"['기술', '해외', '시장', '기업', '식품', '국내']",랭킹스쿨
155,자막뉴스 에 의존하던 핵심소재가한국 반전 상황  YTN,"['핵심', '확보', '수입', '배터리', '의존']",YTN
156,한눈에 이슈 미국 제재에 중국 반도체 무너지나 폐업감원 속출  KBS 20230320,"['핵심', '영향', '수입', '전기차', '의존']",KBS News
157,자막뉴스 한국 핵무장 전 세계 소프트파워 파괴 강력한 경고  YTN,"['무장', '한미', '한국', '핵무기']",YTN
158,리포트 실언인 줄 알았는데 현실로 다가온 주 120시간 노동  JTBC News,"['시간', '국민', '계약', '노동자', '정부', '노동']",JTBC News
159,월 190만원 최대 270일 지급 2023년 5월 실업급여 변경 깐깐해지는 실업급여 싹에서 다 받으려면이것 꼭에서 알아두세요 31경제독립tv,"['경우', '오늘', '실업', '급여', '도움', '이상']",3.1경제독립tv
160,시리야 근로시간 개편안 오히려 좋아 주 69시간 MZ들은 찬성한다,"['생각', '시간', '회사', '정도']",매일경제TV
161,대출상담때 제발 이말은 하지마세요 feat 대출의기술 6부,"['영상', '대출', '오늘', '댓글', '내용']",은행다니는 우빈아빠
162,30대 초반 연봉이 1억 3천만 원그런데 왜 그만뒀을까  SBS  박병일의 후스토리,"['문제', '부채', '개인', '소득', '청년']",SBS 뉴스
163,내 연봉엔 이 차 소득별 자동차 추천,"['관리', '미래', '생각', '처럼', '월급']",부티플 - 부의 배수를 높여라
164,특가항공권구매 유튜브 영상 그 어디에도 없는 항공권 싸게 구매하는 방법 항공권 비교할 때 이 방법도 해보시면 호텔 방값이 굳어요 스카이스캐너 바라기들은 무조건 보세요,"['경우', '정도', '그다음', '한번']",여행은 장모모
165,6만원 더 내고 아시아나항공 비즈니스클래스를 탈 수 있는 방법이 있다고,"['이용', '업그레이드', '서비스', '한번']",잘나가는후추씨
166, 대통령 시내 백화점에서 김건희 여사와 신발 쇼핑 오전엔 재래시장 방문 순대 떡볶이 포장 구입,"['대통령', '문제', '모습', '사람']",성창경TV
167,베트남 투자가이드베트남 정부 암호화폐 규제 움직임법률 마련 착수 베트남투자가이드  한국경제TV,"['암호', '화폐', '가상', '관리']",한국경제TV
168,변호사가 알려주는 가상화폐암호화폐와 관련한 법률이야기,"['가상', '시장', '투자', '진행', '구매', '기존', '사업', '자산', '모델']",법무법인 비전TV
169,에디터픽 IMF 금리 급격히 오르면  기업 부실부채 우려  YTN,"['부채', '기준', '지금', '조사', '우리나라', '기업', '비율']",YTN
170,영끌족좀비 기업 한계 왔다부실 관리가 하반기 최대 과제,"['금융', '대출', '기업', '수준']",SBS Biz 뉴스
171,에디터픽 깎인 임금 돌려줘 묻지마 임금피크 줄소송 예고  YTN,"['제기', '관련', '도입', '소송', '임금', '판결']",YTN
172,자막뉴스 누워서 간다던 공항철도 지옥철로 돌변한 이유 MBC뉴스,"['열차', '정도', '인구', '신도시']",MBCNEWS
173,라뱅 야간비행 제주김포인천,"['부분', '시간', '속도', '다음']",Captain Chois
174,경제주식썰 주식 매매를 굳이 해야겠다면  슈카아재의 토크 방송,"['수도', '얘기', '사람', '지금']",슈카월드
175,주식 주식 매수 절차는 3개만 알면됩니다 ft주식ETF 매수방법,"['주식', '주문', '추천', '취소']",박곰희TV
176,주식 이 시간대에 주식을 사면 망한다  초보들이 많이 하는 실수,"['종목', '매매', '하루', '아침', '수익']",비정상TV
177,자막뉴스 한국 핵무장 전 세계 소프트파워 파괴 강력한 경고  YTN,"['무장', '한미', '한국', '핵무기']",YTN
178,자막뉴스 미국 결정 못 참아 반박한 한국전 세계에서 유일  YTN,"['반도체', '확장', '요건', '생산', '투자', '중국', '한국', '기업', '정부']",YTN
179,기후변화 해답 기술 혁신으로 찾을 수 있을까,"['기술', '석유', '지금', '에너지', '시대', '만약']",슈카월드
180,한국이 원전을 발전시킨 진짜 이유 미국은 왜 한국의 핵무기 개발을 막을까 2탄 Feat 중수로는 왜 만들었을까,"['핵무기', '한국', '원전', '오늘', '개발']",NEO지식창고
181,자막뉴스 세계 최초 반도체 장비 핵심 기술 중국에 기술 유출4명 구속  KBS 20220517,"['기술', '장비', '검찰', '협력']",KBS News
182,삼성전자SK하이닉스 반도체 핵심기술 유출중국 경쟁업체 넘어가  YTN,"['반도체', '장비', '검찰', '기술', '핵심', '업체', '정보', '중국', '공정']",YTN
183,자막뉴스 에 고스란히 넘어간 핵심기술국가적 손실 위기  YTN,"['기술', '규모', '처벌', '산업', '사건', '피해', '가운데']",YTN
184,포스코 첨단기술 유출 적발4대는 이란에 이미 팔려  YTN,"['포스코', '장비', '기술', '해외', '업체', '회사']",YTN
185,가족에게 미안하다 대구 헬스장 관장의 슬픈 사연,"['영업', '청원', '코로나', '제한', '운영', '시설', '거리']",뉴스킹
186,리플 미등록 증권 판매 확실한 증거 있다 SEC 사실일까 당장 내용 확인하세요리플코인전망 리플코인호재 리플전망 리플코인 리플 리플코인시세 리플코인소송 리플스왑,"['성향', '사이트', '정도', '도움']",하이런 스탁
187,미등록 증권 판매 증거 발견 리플 SEC 사실일까 내용 빠르게 확인리플코인전망 리플코인호재 리플전망 리플코인 리플 리플코인시세 리플코인소송 리플스왑,"['성향', '사이트', '정도', '도움']",코인FM
188,한국이 사들인 대규모 해외 농장과 광산 거의 나라 하나 규모 충격  이걸 왜사나 했더니 한국 먹여 살리는 이유,"['국가', '한국', '자원', '전략', '협력', '북한', '국제', '개발']",국토전략TV
189,대실패 평가받던 이명박 자원외교가 다시 소환된 이유  정글,"['포스코', '기업', '외교', '자원', '사업', '정부']",중앙일보
190,2020 해외광물자원개발 협의회 정기총회 발표영상  배터리 양극재용 Ni산업 및 기술동향 광산에서 황산니켈,"['발표', '해외', '회원', '오늘', '개발']",해외광물자원개발협의회 [ORE:ON]
191,원자잿값 급등직접 해외자원 개발 나선 기업들  연합뉴스TV YonhapnewsTV,"['핵심', '해외', '기업', '자원', '개발']",연합뉴스TV
192,이상민도 아빠 찬스 논란사외이사 회사 관계사에 아들 입사  JTBC 뉴스룸,"['관계', '대표', '채용', '후보자', '회사', '특수']",JTBC News
193,정황근 농림축산식품부 장관 후보자 인사청문회  후반부  SBS,"['준비', '위원회', '오늘', '위원']",SBS 뉴스
194,인천공항을 잇는 두번째 공항철도 달릴 수 있는가,"['계획', '철도', '인천', '추진']",역쟁이TV
195,인천 부동산전망 이 3곳을 주목하세요  2040 인천 도시기본계획 분석,"['분석', '센터', '도시', '지역', '예정', '계획', '국제', '중심']",로켓남TV_부동산 도시계획분석
196,속보 일본에서 결국 일터졌다 국가부채 감당불가 일본언론 일본 국가부도 선언 충격보도 아베 전 총리 결국 전수조사 코앞에 둔 상황 한국에서는 절대 볼 수 없는 현상,"['은행', '일본', '국채', '정부']",데스크코리아 DESK KOREA
197,뉴있저 나랏빚 대체 얼마국가채무와 국가부채 구분해야  YTN,"['부채', '국가', '국민', '부담', '정부']",YTN
198,코로나가 달라졌다 감염 늘어도 사망은 안 는다 각국 사적 모임 금지 풀었다식당영업 규제 없다,"['대책', '변화', '백신', '지금']",성창경TV
199,자막뉴스 못하겠어요 냉담한 청년들정부 공약 빨간불  YTN,"['청년', '출시', '계좌', '뉴스']",YTN
200,단돈 10만원 정도만 있어도 1억 모은다 적은 돈으로 쉽고 빠르게 부자되는 법 공개합니다 월급 250만원이어도 이 방법이면 1억 금방 모을 수 있어요 김경필 돈쭐남,"['시작', '기술', '도전', '지금']",부티플 - 부의 배수를 높여라
201,청년도약계좌 6월 출시5년 모으면 5천만 원  YTN,"['이하', '금리', '수준', '소득', '청년', '정부']",YTN
202,대구경북 국가 산단 4곳 선정경제 유발 38조 원  YTN,"['효과', '산업', '지역', '국가']",YTN
203,고전학파 vs 케인즈학파 비교 균형재정승수 유발투자 승수 개방경제 승수 순수출승수 산업연관분석,"['효과', '성향', '얘기', '생산', '소비', '현실']",경제학짱박사
204,이전비 496억 추산 예비비로 충당비용 논란은 여전  YTN,"['예산', '국방부', '이전', '대통령', '비용']",YTN
205,이전비 496억 추산 예비비로 충당비용 논란은 여전  YTN,"['예산', '국방부', '이전', '대통령', '비용']",YTN
206,자막뉴스 세계 시장서 밀려나는 한국일자리도 큰일났다  YTN,"['감소', '세계', '올해', '적자', '수출']",YTN
207,중국 때문에 위협 받는 한국 경제 심각한 상황 Y녹취록  YTN,"['전망', '선진국', '세계', '경우', '이유', '중국']",YTN
208,공공데이터란 무엇이고 어떻게 활용할까 교육부 국민 서포터즈,"['데이터', '공공', '활용', '교육', '제공']",교육TV
209,공공빅데이터 행정을 스마트하게,"['분석', '설치', '데이터', '국민', '지역', '활용', '시설', '피해']",행정안전부
210,광주형 일자리 캐스퍼 질주전국 노사 상생형 사업 5곳 순항  YTN,"['공장', '전기', '생산', '노총', '일자리', '사업']",YTN
211,생중계 이재명 후보 매타버스 시즌2 부동산 공약 발표 20220123 오전,"['문제', '해결', '투자', '정책', '수도권']",오마이TV
212,박성태의 다시보기 친구 한국노총의 손절 선언  JTBC 뉴스룸,"['대선', '후보', '노총', '대통령', '친구', '노동']",JTBC News
213,한국노총 이재명 지지 김주하 AI 뉴스,"['한국', '후보', '대선', '노총']",MBN News
214,자막뉴스 포기할게요 청년주택에 이런 일 속출하는 이유  YTN,"['최대', '정책', '주택', '청년']",YTN
215,속 보이는 미래 내 집 주목 2023년도 기존 반지하주택 매입 공고,"['서울', '주택', '신청', '시공사']",SH tv_서울주택도시공사
216,두산중공업 2만원 터치 조정은 언제 원전 해체 시장까지 국내 고리1호기 해체 준비 531,"['지금', '해체', '원전', '협력', '조금']",랩PD
217,원전 해체 200조 시장IT 신기술로 도전  YTN,"['기술', '세계', '현장', '원전', '해체', '작업']",YTN
218,이재명 배당 중단 부당이득 환수하라성남시에 공문 MBN 뉴스와이드 주말,"['도시', '민간', '사업자', '환수', '공사', '수사', '개발']",MBN News
219,쏙쏙 북한 핵실험 여파로 금융시장 출렁  YTN,"['회의', '북한', '시장', '상황']",YTN
220,유지비 싸서 갈아탔는데전기요금 인상에 전기차 운전자 울상 9시 뉴스  KBS 20230521,"['충전', '인상', '요금', '뉴스', '전기차']",KBS News
221,적자 늪 빠진 한전의 호소월급 깎을 테니 전기료 올려달라  JTBC 뉴스룸,"['직원', '인건비', '요금', '적자', '인상']",JTBC News
222,한전은 30조 적자인데 재벌 발전기업들은 초호황 20221107뉴스데스크MBC,"['재벌', '발전', '전기', '가격', '이익', '기업']",MBCNEWS
223,전기산업기사  전기기사 업그레이드 필요한가  필요있다 VS 필요없다,"['계획', '기사', '취업', '업그레이드']",전병칠
224,안전을 만나는 시간 Part2  중대재해처벌법,"['근로자', '시행', '미만', '부터', '처벌', '규정', '사업']",안전보건공단안젤이
225,LG화학 배터리 사업부 분사하면 주가 빠질까  현명한 투자자의 분할 투자법 feat 솔브레인 두산퓨얼셀 이지바이오 대덕전자 효성,"['부분', '주가', '수가', '분할']",달란트투자
226,한국주식에투자해선안되는이유 LG화학 물적분할,"['상장', '내년', '에너지', '분할', '산업']",피셔인베스트
227,현대백화점 주주들이 인적분할을 거부한 이유 압권 30화,"['라이브', '전환', '얘기', '주주']",삼프로TV_경제의신과함께
228,날개에 갈려나가는 새가 1년에 수백만 풍력발전이 과연 장점만 있는 친환경 에너지일까,"['풍력', '에너지', '우리나라', '발전']",리뷰엉이: Owl's Review
229,3500조 해상풍력시장 열렸다2년치 주문 꽉 차한국경제TV뉴스,"['업체', '풍력', '기술', '지금']",한국경제TV뉴스
230,가정용 풍력발전기 만들기 배터리 충전 외등 켜기,"['볼트', '설치', '전기', '바람', '배터리', '풍력']",리베
231,2분이면 이해하는 풍력 발전사업,"['설치', '발전', '바람', '한국', '에너지', '사업', '사용', '풍력']","한국서부발전 KOREA WESTERN POWER CO., Ltd."
232,에너지 만드는 인공섬 수소에너지 클러스터 덴마크 스웨덴의 신재생에너지,"['연료', '기술', '전지', '전문', '수소', '개발']",한국에너지기술연구원
233,전력 80퍼센트 재생에너지로 생산하는 덴마크 한국에서도 가능한 거임  지구한 기자들  탄소중립  에너지전환  신재생에너지,"['한국', '에너지', '생각', '재생에너지']",환경재단K-GREEN FOUNDATION
234,3배나 폭등 현지인에게 듣는 영국 가스비의 현실  머니투데이방송,"['물가', '영국', '부담', '최근', '에너지']",MTN 머니투데이방송
235,여왕 이후의 영국 경제물가냐 에너지요금이냐 친절한 경제  KBS 20220920,"['이후', '물가', '유럽', '영국', '상황', '에너지', '가격']",KBS News
236,한국에 830조 규모 신규시장 개방하겠다 중국 발전소 도입했다가 큰코다친 인도네시아 한국기업 위해 국가적 중대결단한 상황,"['납부', '한국', '개발', '기술']",스카이경제
237,다시 시작된 중국발 지옥 신규 석탄발전소 설립허가 3배 폭증,"['발전', '전력', '발전소', '석탄', '중국', '정부']",픽커TV
238,17조 원 초대형 석탄발전소 사업1  스트레이트 113회  골라보는 스트레이트,"['온실가스', '발전', '기업', '석탄', '사업', '발전소']",탐사기획 스트레이트
239,세계를 보다 석탄발전소 168기 늘린다  뉴스A,"['배출', '영향', '미세먼지', '석탄', '중국', '발전소']",채널A 뉴스
240,광주 건물 붕괴 순간시내버스 덮치며 아수라장  YTN,"['버스', '건물', '지금', '확인', '순간']",YTN
241,이대론 위험하다 첫 삽도 못 뜬 아이파크 철거 뉴스데스크 202337 광주MBC,"['뉴스', '아파트', '해체', '사고', '계획', '작업']",광주MBC뉴스
242,광주 붕괴사고 꼭대기 층 영상 확보이상한 낌새 느꼈다  YTN,"['영상', '작업', '구조', '사고']",YTN
243,안타깝지만 한국 경제 좋은 게 하나도 없습니다 앞으로 집값 이렇게 됩니다 김영익 경제전문가 서강대학교 교수,"['한번', '부동산', '주식', '지금', '조금', '하락']",월급쟁이부자들TV
244,자막뉴스 개도국보다도 못할 것 암울한 한국 전망  YTN,"['사회', '출생', '세대', '국민연금']",YTN
245,2023 하반기 경제 전망 이럴거면 국민연금 왜 내 위기의 국민연금 개혁 골든타임은,"['연금', '포인트', '국민', '보험료', '이번', '동안']",SBS Biz 뉴스
246,예고된 기금 고갈국민연금 개혁 이번엔 이뤄지나 탐사보도 뉴스프리즘  연합뉴스TV YonhapnewsTV,"['연금', '개혁', '분석', '국민연금']",연합뉴스TV
247,연금 가입자 수 감소 기금 고갈 우려국민연금 믿어도 될까 풀영상ㅣ시사기획 창 273회 20200307,"['방식', '사회', '토론', '참여']",KBS시사
248,벌써부터 시끌이럴거면 누가 사장 해 정면충돌  SBS 8뉴스,"['최저임금', '비용', '업종', '적용']",SBS 뉴스
249,이 돈을 어떻게 주라고속타는 편의점 사장님들 자막뉴스  SBS,"['노동계', '회의', '사퇴', '주휴수당']",SBS 뉴스
250,주휴수당 완벽정리  꼭 기억할 2가지 ,"['수당', '조건', '계산', '근무']",최대표TV
251,직원월급주기 Part1  급여계산방법  최저임금 주휴수당 월급계산방법,"['카페', '관련', '경우', '생각', '내용']",자영업의 모든것
252,주식투자셀트리온양후보 주식에 상당한관심주식대통령선언불법공매도 주가조작수준형사처벌등금융선진국간다,"['부분', '공약', '누가', '지금', '공매도', '정도']",기훈TV
253,치솟은 외식 물가에 손님 뚝음식점 줄폐업 20230609뉴스데스크MBC충북,"['손님', '물가', '소비자', '승률', '상황']",MBCNEWS
254,에디터픽 한국 자영업자들이 무너진다흔들리는 마지막 보루  YTN,"['영업', '부분', '경쟁', '지금']",YTN
255,저출산예산 자그마치 46조 신생아1인 1억5000만원 어디로,"['이야기', '오늘', '다음', '한번']",황승주 좋은소리
256,국내생산 비중 세계 1위 현대차생산성영업이익률은 최하위권,"['공장', '해외', '생산', '이익', '국내']",MCB TVCar
257,대전MBC뉴스콘크리트 부실 아파트 철거,"['아파트', '문제', '결정', '공사']",대전MBC 뉴스/Daejeon MBC News
258,ET 김포 왕릉뷰 아파트 철거 논란다 지은 집 허물까  KBS 20220504,"['수도', '문제', '입장', '지금']",KBS News
259,정의 윤석열 TV토론서 최저임금 폐지 오리발거짓말하는 후보,"['윤석열', '국민', '후보', '토론']",팩트TV NEWS
260,한국노총 김주영위원장 긴급호소문 최저임금개악안 사태 해결 촉구,"['사회', '최저임금', '이번', '대통령', '제도', '행사', '위원회']",한국노총
261,탈원전 손실 비용 전기요금 37퍼센트로 모은 전력기금으로 보전  YTN,"['기금', '전력', '비용', '원전', '산업']",YTN
262,탈원전 비용 결국 전기요금서 보전손실보상 뒤늦게 확정  YTN,"['국민', '전기', '요금', '비용', '정부']",YTN
263,한국전력015760  탈원전 손실 을 전기요금으로 보존한다구,"['친구', '추가', '정도', '한번']",허브경제TV
264,탈원전 손실 비용 전기요금 37퍼센트로 모은 전력기금으로 보전  YTN,"['기금', '전력', '비용', '원전', '산업']",YTN
265,최경영의 최강시사 기재부 올해 초과세수 의도적 축소  김기식 소장더미래연구소 전 금감원장KBS 211118 방송,"['주식', '가상', '화폐', '지금']",KBS 1라디오
266,초과 세수 50조 충격 vs 정부 협박 블랙 코미디  YTN,"['기재부', '국민', '후보', '민주당', '세수']",YTN
267,매월 35만원 이 주식 사세요 나중에 19억이 됩니다 수페TV,"['변화', '시간', '투자', '노동']",김작가 TV
268,예적금 대신 꾸준히 사모을 만한 배당주 TOP 5,"['부분', '수가', '배당', '오늘', '기업']",달란트투자
269,중국 공산당의 일당 독재 만만한 시스템이 아니다 조영남의 중국통 1화,"['통제', '교수', '중국', '헌법']",삼프로TV_경제의신과함께
270,대기업 vs 중견기업 vs 중소기업 연봉 5분 완벽정리,"['기업', '비교', '생각', '대기업']",JOB썰 잡썰
271,대기업 vs 중견기업 vs 중소기업 2023 현실 연봉 차이,"['경우', '부장', '생각', '대기업', '중소기업', '도움', '이상']",사는데 도움되는 정보
272,경항모 예산 기사회생내년에 한국형 항공모함 기본 설계 착수  YTN,"['기본', '사업', '한국', '방식', '계획']",YTN
273,한국형 항모 가격표 나와국방 예산 50조원 돌파  연합뉴스TV YonhapnewsTV,"['개발', '계획', '투자', '예산']",연합뉴스TV
274,코츠테크놀로지 2일차 청약 예상 ㅣ 스팩 균등배정 예상도에서 에서 ,"['내일', '종목', '오늘', '청약', '정도']",경제적자유민족
275,이재명 정부 반대에도 초과세수로 재난지원금 뉴스 9,"['국민', '후보', '총리', '원금']",뉴스TVCHOSUN
276,초과 세수 50조 충격 vs 정부 협박 블랙 코미디  YTN,"['기재부', '국민', '후보', '민주당', '세수']",YTN
277,초과 세수 50조 충격 vs 정부 협박 블랙 코미디  YTN,"['기재부', '국민', '후보', '민주당', '세수']",YTN
278,무시당하던 한국이 미국 중국 일본 쌈싸먹었던 전설의 사건,"['예언', '부동산', '이명박', '정책', '주택']",1급 비밀
279,한국 유일한 국가9월이 위험하다 Y녹취록  YTN,"['부채', '상공', '대출', '가계부채', '지금', '상환', '공인']",YTN
280,2050년 세계 경제를 주도할 것으로 예상되는 국가 Top 10,"['예상', '성장', '국가', '인구', '중국']",지식스쿨
281,통신사에서는 알려주지 않는 셋톱박스 변경 꿀팁  넷플릭스 유튜브 tv로 봐요 SK KT LG,"['현금', '업체', '오늘', '변경', '정보']",장박사의 구매중독
282,1년동안 사용해보고 리뷰한다  넷플릭스 vs 왓챠플레이 리뷰   VOD 서비스 ,"['한국', '서비스', '정리', '한번']",리뷰BRO
283,NordVPN 블랙프라이데이 직구할 때 무조건 사용하세요 넷플릭스 트위치에도 VPN은 이제 필수,"['무료', '이번', '서비스', '사용', '할인']",인싸IT
284,온실가스 26퍼센트 감축도 어렵다 했지만정부 40퍼센트 감축 발표,"['온실가스', '목표', '정부', '비용', '감축']",뉴스TVCHOSUN
285,2030 온실가스 감축 로드맵을 위한 생활 속 에코 습관,"['확인', '구매', '다음', '진행']",나랏일ON
286,지구촌 40명 정상 기후 회의온실가스 감축 공감대  YTN,"['목표', '대비', '러시아', '수준', '협력', '중국', '감축']",YTN
287,국민 70퍼센트 반대하는 연금개혁마크롱이 이토록 강경한 이유,"['연금', '개혁', '국민연금', '사람', '소득']",뉴스1TV
288,부동산 성공 투자 임대 주택 의무 비율 기존안 유지 재개발은 활성화 재건축은 Stopㅣ부동산 투자 및 상담 문의  025141289 드림부동산투자연구소,"['재건축', '가능성', '투자', '방식', '재개발', '사업']",정창래의 부동산 성공투자
289,셀트리온 공매도 반대 전체 공매도 금지 청와대 청원 답변 나왔다 내용은,"['문제', '개선', '시장', '정보', '공매도']",닥터달곰TV
290,공매도 재개 논란 가열고심 깊어지는 금융당국  YTN,"['매도', '기관', '개인', '제도', '투자자', '주가', '외국인', '공매도']",YTN
291,셀트리온  셀트리온헬스케어  공매도 상황,"['지금', '입장', '개인', '생각', '정부', '공매도']",KR증권리서치
292,추석FOMC 앞두고 살까 팔까 네이버카카오 플랫폼 규제 쇼크 낙폭과도 미국 고용 충격에도 연내 테이퍼링 가능할까 지수가 닫힐 때 개미 전략은 주간전망대,"['시간', '다음', '오늘', '부장']",연합뉴스경제TV
293,폭락한 카카오 네이버 저는 이렇게 할겁니다 ft 미국IT기업 규제 분석,"['카카오', '금액', '지금', '한국', '생각', '기업', '주가', '공매도']",수페TV
294,순자산 이정도면 평균입니다  평균 순자산 한국 자산 재산,"['가구', '전체', '대한민국', '정보', '평균', '자산']",사는데 도움되는 정보
295,대한민국 순자산 평균은 얼마일까요 한국 중산층 흙수저 자산 순위 공개,"['사람', '생각', '소득', '수준', '일반', '속도', '자산']",본질 투자
296,외국인이 매도인일때 부동산 거래,"['경우', '외국인', '거래', '국내']",공인중개사 허준혁
297,외국인 부동산 경매 대출 Foreigners can do real estate auctions  부동산 경매 투자,"['개념', '대출', '재산', '금리']",반지상 마음관리
298,서울 내 스타벅스 전 매장 일회용 컵 사라진다  SBS  뉴스딱,"['소식', '스타벅스', '일회용', '매장']",SBS 뉴스
299,스타벅스 일회용 컵 없애고 컵 보증금 반환제 실시한다,"['일회용', '프로젝트', '스타벅스', '사용', '매장']",아이즈매거진
300,알래스카 스위스가 기본소득을 주는 이유  6분 기본소득 4회 하이라이트,"['기금', '배당', '소득', '제도', '평균', '주민']",미디어 데모스
301,국민연금 받을 때 이것도 함께 신청하세요 1인당 26만원 더 받습니다 부양가족연금제도,"['연금', '금액', '경우', '국민', '신청']",인생뷰티풀 옆집아저씨
302,국민연금이 소득의 전부인데피부양자 탈락 건보료 내라  친절한뉴스K  KBS 20230214,"['연금', '수입', '이유', '국민연금', '자격', '소득']",KBS News
303,삼성 이재용 경영권 승계 문제는 상속세가 낳은 떼법의 결과,"['상속세', '국민', '수도', '전문', '기업']",장주사TV
304,상속세 개정 및 공익재단 활성화를 중심으로  눈에 띄는 세미나 황승연 교수,"['개인', '세금', '국민', '정부']",법률방송
305,오늘 이슈 한국판 히키코모리서울 청년 13만 명 은둔 또는 고립  KBS 20230118,"['경우', '사회', '청년', '서울시']",KBS News
306,자막뉴스 포기합니다대한민국 청년 씁쓸한 현실  YTN,"['취업', '준비', '근로', '일자리', '직장', '시험', '공무원', '가운데']",YTN
307,취업빙하기 청년을 위한 나라는 없다 풀영상  9층시사국1회 2321,"['채용', '공고', '생각', '청년']",KBS시사
308,정부 공급 대책 유휴지 활용 후보 서초구 옛 교육개발원 토지거래 거부  부동산길라잡이,"['개발', '주택', '오늘', '기존']",SBS Biz 부동산
309,초저출산 계속 땐 국민연금 적자 4배2070년에 월급 5분의 1 납부할 수도  YTN,"['기본', '연금', '보험료', '기금']",YTN
310,막막한 나의 취준에 그저 빛이 되어 줄 취업준비 순서 5단계 취린이 튜토리얼,"['단계', '취업', '준비', '그다음']",AND (ft.인싸담당자)
311,이재용 삼성전자 부회장 오는 13일 가석방  KBS 20210809,"['법무부', '부회장', '가석방', '경영']",KBS News
312,이재용 가석방 결정오는 13일 풀려난다  YTN,"['부회장', '가석방', '이번', '결정', '사건']",YTN
313,이재용 가석방 뒤 첫 재판 출석신변보호 요청  뉴스A 라이브,"['부회장', '취업', '가석방', '재판']",채널A 뉴스
314,3분정리 서울시 안심소득 안심소득은 또 뭐야,"['가구', '생활', '소득', '원금', '복지']",WIKITREE 위키트리
315,공정성장의 핵심 기본소득 이재명은 합니다,"['정책', '국민', '지속', '세계']",이재명
316,서울시 SH 임대주택 앞으로 이렇게 바뀝니다 미리 알아두시고 준비하세요,"['기존', '세대', '사업', '임대', '추진']",LH 집소식
317,서울 번동3단지 영구임대주택 현장탐방,"['센터', '프로그램', '진행', '아파트', '복지', '서비스', '임대']",LH집찾기
318,둔촌 주공 당첨자에게 다가오는 시련,"['분양', '세율', '양도', '통과']",쇼킹부동산
319,신차구매요령ㅣ 99퍼센트가 말 안해주는 차량 선택부터 마지막 정산주의사항ㅣ신차 구매 서비스 ㅣ신차구매후ㅣ신차구매 대리점 지점ㅣ 신차구매 결제ㅣ쏘렌토 페이스리프트 싼타페 풀체인지,"['영상', '자동차', '차량', '도움']",블라인드_Car Story
320,내년 최저임금 25퍼센트 인상업종별 차등지급 논쟁이 복병  YTN,"['예상', '적용', '업종', '최저임금', '최근', '노동계', '올해', '인상']",YTN
321,최저임금 인상 부작용 알바가 사라진다  일자리감소무인화자동화자영업자 폐업,"['사회', '부분', '시장', '정부']",너이거몰라?_너만 모르는 정보
322,끝내 좌절한 만원의 약속평균 인상률 박근혜 정부보다도 낮아  YTN,"['최저임금', '평균', '인상', '정부']",YTN
323,한국지리96 전력자원ft수력 화력 원자력5단원 생산과 소비의 공간ㅣ한국지리 강의ㅣ한국지리 노트필기ㅣ한국지리 개념ㅣ한국지리 공부,"['원자력', '처리', '그다음', '지역']",지리는 주호티쳐Geography Teacher Joo Ho
324,한국전력015760  짧게보면 4분기 전기요금 길게보면 원전 이슈로,"['추천', '무료', '종목', '댓글', '검색']",AP투자연구소 김용재소장
325,전력위기 해법 에너지믹스 2부 왜 원자력인가  YTN 사이언스,"['전력', '에너지', '안정', '국민']",YTN 사이언스
326,원자력관련주 종목분석  한국전력 두산중공업 한전기술 한전산업 한전KPS,"['원자력', '관련', '전기', '지금', '정부', '원전', '다음']",월천의 주식이야기
327,자막뉴스 실손 보험료 안내문에 경악이게 말이 되냐고요  YTN,"['보험', '보험료', '마련', '진료']",YTN
328,보험 하나도 없을 때 이런 방법이 있습니다 feat국민건강보험 의료비 지원 이야기,"['나라', '건강', '국민', '보험', '생각', '우리나라', '제도', '지원', '복지', '재정', '의료']",보험이모
329,무분별한 암보험 가입하지 마세요 국가에서 5가지 의료복지 지원합니다에서 ,"['영상', '경우', '기준', '지원', '의료', '정부']",복지마블TV [Welfare Marble]
330,실손보험 병원 갈때마다 청구하면 안되는 이유 f이득보단 불이익ㅠ,"['조건', '보험', '수도', '기간', '청구']",보험왕
331,5강 Foreign Tax Credit 미국영주권자시민권자인데 한국에 거주하면 세금은 어떻게 미국변호사의 절세방안 팁 꼭 확인하세요 장기해외거주자의 세금신고 Ep2,"['경우', '세금', '적용', '부담']",미국변호사 존청 John Chung
332,윤석열 부동산 공약 실현 가능성 한국 미국 부동산 세금 비교,"['부동산', '부분', '한국', '시장']",뉴욕주민
333,한국 미국 부동산 취득세보유세양도세 다른 점은 ㅣ우용표 주택연구소장 X 미국변호사 존청,"['부동산', '투자', '목적', '자산', '임대']",미국변호사 존청 John Chung
334,해외부동산 투자 시 주의해야 할 점 알려드립니다 미국 중국 동남아시아 등,"['양도', '신고', '해외', '경우', '부동산', '발생']",부티비
335,갭투기 깡통전세에 우는 세입자보증보험도 외면  KBS 20210810,"['보험', '보증', '입자', '집주인']",KBS News
336,피 주고 샀는데 피눈물 흘리며 임대료 낮춰몰락한 투기의 땅 송도 지산 실태ㅣ땅집고GO,"['센터', '부동산', '규제', '분양', '산업']",땅집고
337,정부 은행 통해 가상화폐거래소 규제중소 거래소 폐업 위기  YTN,"['실명', '화폐', '가상', '계좌']",YTN
338,단독 검찰 김남국 코인거래소 연계 시중은행 계좌 추적 MBN 뉴스7,"['의원', '검찰', '계좌', '은행', '뉴스', '거래소']",MBN News
339,종합부동산세 결국 상위2퍼센트부과 폐지되고 공시가 기준액을 상향하는 것으로 합의가 되었습니다 이런 분들은 종부세 안내셔도 됩니다 feat당분간만,"['종부세', '금액', '기준', '생각', '주택']",놀라운부동산
340,팩트와이 종부세 상위 2퍼센트 부과 세계 어디에도 없다  YTN,"['세금', '가능성', '국가', '부동산', '가격', '과세']",YTN
341,황보승희상위2퍼센트 종부세 부과 과연 얼마나 얼마나 효과 발휘할까,"['부동산', '국민', '부담', '아파트', '민주당']",포커스TV
342,두산에너빌리티034020 주가 추세 분석 핀란드 원전 최대가동 하반기 수의계약 신한울 원전 궤도 본격 궤도 매출 15조 47퍼센트 증가,"['수익', '영상', '구독', '채널']",주식대학원
343,탈원전 때문에 미세먼지 증가  YTN,"['문제', '핵심', '배출', '발전', '원전', '미세먼지', '발생']",YTN
344,지난해 원전 발전량 큰폭 증가전년 98퍼센트,"['증가', '발전', '에너지', '원전', '지난해']",서울경제TV 포커스온
345,제3회 원전 정지로 전기요금 부담이 증가하는가,"['증가', '연료', '상승', '전력', '전기', '요금', '부담', '회사', '의존']",Kiko Network Channel
346,가상자산 세금 한방에 총정리feat QA 비트코인세금 암호화폐세금 가상화폐세금 코인세금,"['자산', '가상', '신고', '이야기']",세무사 우동호 tv : 마음편한 평생투자
347,연말까지 비트코인 팔아야 세금 안 맞나요 내년 1월 시작되는 가상화폐 과세feat 은성수 발언 파장,"['결제', '비트코인', '신고', '과세']",윤창희의 생존경제_KBS
348,인프라법 암호화폐 과세 비트코인 알트코인투자 작품사진을 찍듯 투자한다,"['사진', '마음', '시간', '지금']",비트슈아
349,단 5분 환율우대 100퍼센트 받으면서 달러 환차익 투자하기,"['조금', '생각', '방법', '투자']",슈퍼서민
350,ET 모르면 나만 손해 해외여행 면세한도 800달러보다 더 이익 보는 법  KBS 20230525,"['신고', '제출', '적용', '준비', '휴대폰']",KBS News
351,문앞에 놓았다는 택배가 없다면,"['기사', '영상', '사진', '생각', '택배']",택배아저씨Taek-A
352,캘리포니아 LA소식 뒤집기를 꿈꾸는 트럼프 유세 시작 Covid19 미국은 제2의 봉쇄령 소수계 우선정책이 힘을 받고 있다,"['문제', '얘기', '사람', '지금']",LA사는친구
353,취업빙하기 청년을 위한 나라는 없다 풀영상  9층시사국1회 2321,"['채용', '공고', '생각', '청년']",KBS시사
354,사상 처음 있는 상황2030에 퍼지는 이례적 현상  비머pick  비디오머그,"['취업', '일자리', '세대', '청년', '현상']",비디오머그 - VIDEOMUG
355,취업빙하기 청년을 위한 나라는 없다 풀영상  9층시사국1회 2321,"['채용', '공고', '생각', '청년']",KBS시사
356,한국과는 너무 다른 일본의 취업현황,"['입장', '일본', '사람', '기업']",ぱく家(박가네)
357,LIVE 광역교통기본계획 및 광역교통시행계획 공청회,"['감사', '시간', '국민', '오늘', '계획']",한국교통연구원
358,GTX D 대도시권광역교통 기본 구상안 발표를 듣고 부동산육남매 박소장,"['한번', '시간', '지금', '분양', '정도']",부동산 육남매
359,김포5호선 검단5호선 대도시권 광역교통 계획 포함 인천2호선 불로역 한강선,"['계획', '포함', '소식', '오늘']",부동산보좌관
360,소득통계 정확성 높이겠다며 또 개편논란 자초 지적,"['통계청', '조사', '표본', '소득', '방식', '통계']",JTBC News
361,신용카드 혜택 100퍼센트 누리기결제일은 이날로 해라 손희애 금융 크리에이터  JTBC 상암동 클라스,"['고요', '카드', '리볼빙', '처럼', '수수료', '사용', '비율']",JTBC News
362,3개월만에 신용등급 8등급에서 1등급으로 빠르게 올리는 방법 신용등급 관리 방법 ㅣ대출지니어스,"['영상', '대출', '신용등급', '준비', '방법']",알려줘! 금융
363,2020 바뀌는 신용등급제도ㅣ금융거래 꿀팁 ㅣ재테크ㅣ댈님,"['영상', '경우', '평가', '신용', '금융', '조금', '제공', '점수']",댈님의 생활 속 금융이야기
364,이것 모르고 현금서비스 카드론 쓰면 큰일납니다 feat 돈아끼는 헌서카드론 사용방법,"['현금', '상환', '카드', '오늘', '중도', '서비스', '말씀']",은행다니는 우빈아빠
365,비트코인 가상화폐 채굴기 집에서 돌리기,"['공장', '경우', '채굴', '계산', '관리', '비용', '다음']",동영상공작소
366,비트코인은 왜 전기 먹는 하마일까 코인의 흐름이 바뀌고 있다 Feat 전기를 가장 적게 먹는 코인은 무엇일까,"['암호', '결제', '비트코인', '지금']",NEO지식창고
367,도리646강우리나라도 비트코인 채굴강국 가나요 한국전력 도쿄전력 러시아에너지부 가스프롬 비트코인채굴,"['얘기', '비트코인', '채굴', '전력', '지금', '러시아', '화폐', '암호', '이야기']",도리도리 비트코인 교육방송
368,전세대출 규제도 모르고 집사면 큰일난다 617부동산대책,"['시행', '경우', '대출', '전세', '적용', '규제', '주택']",금고엄마
369,전매6개월대출70퍼센트 장점많은 비규제지역 하지만 주의사항,"['영상', '지역', '생각', '오늘', '물량', '정보', '도움']",임성배TV-부동산재테크
370,2022년 한국과 아시아 주요 5개국 최저임금을 비교해보았다,"['최저임금', '시간', '하루', '지역']",킴반응 Vitnaburo
371,개인사업자 소득세 줄이는 합법 절세방법  가족들이 일하는 경우 인건비신고 공동사업자등록 법인전환이원정 회계사,"['법인', '전환', '개인', '세율', '회사', '소득', '사업자', '소득세', '가족', '방법']",경제인회계인
372,세금 절약 안내  기타소득 종합과세 VS 분리과세 2편,"['경우', '과세', '소득', '금액']",국세청
373,토론토 부동산 부동산 거래량 645퍼센트 증가 평균가격 112 퍼센트증가  2021년 1월 토론토 부동산 동향과 전망 토론토 다운타운 콘도 분석,"['프로젝트', '예정', '지역', '건설']",리앤김 토론토 부동산연구소
374,슈카의 THE MASTER ㅣ 암호화폐 제대로 이해하는 법 고란 기자,"['오늘', '자산', '비트코인', '투자']",LIFEPLUS
375,가상화폐 거품인가 미래인가 나는 비트코인을 샀다 내레이션 슈카풀영상ㅣ시사기획 창 331회 20210530,"['기술', '시장', '투자', '지금', '생각']",KBS시사
376,금융당국 투자자 보호 못해세금은 걷겠다  YTN,"['가상', '금융', '화폐', '거래', '과세', '자산']",YTN
377,월가 현역 강의 기본편 II 금융 상품 도구함 10편 비트코인과 암호화폐,"['비트코인', '설명', '보호', '사기', '정부']",월가아재의 과학적 투자
378,FTX 파산은 암호화폐 파산이 아니다,"['상품', '투자', '금융', '이해', '거래']",최배근TV
379,문재인 대통령이 미국을 버리고 중국을 선택했다 강원도 차이나타운에 숨어있는 진짜 비밀은서민교수의 현자타임 EP17,"['문제', '외교', '대통령', '친구', '중국', '국제']",TVCHOSUN - TV조선
380,차이나타운 논란철회 vs 오해  KBS 20210413,"['청원', '청와대', '국민', '중국', '추진']",KBS News
381,full 인생을 베팅하다  2030 투자중독 실태 보고  시사직격 132회 KBS 220902 방송,"['사회', '개발', '투자', '청년']",KBS 추적60분
382,full 지옥문이 열리다  노년을 노리는 코인 다단계의 덫  시사직격 145회 KBS 221216 방송,"['코인', '사기', '사람', '수사', '사건', '피해']",KBS 추적60분
383,핫플이재명 vs 윤희숙 재산비례 벌금제 설전  김진의 돌직구 쇼 726 회,"['문제', '도입', '지금', '백신', '이야기']",채널A 김진의 돌직구쇼
384,다주택 무소득도 이렇게 대출 다에서  됩니다 대출규제 모에서 두 풀렸어요,"['세금', '공부', '소득', '오늘', '내용']",월세모닝콜TV - 소액경매
385,외국인에게 해당 없는 대출규제 공정한 게임이 아닙니다,"['한국', '사람', '투자', '중국']",부읽남TV_내집마련부터건물주까지
386,우리 국민들만 역차별면적만 여의도의 90배 자막뉴스  SBS,"['부동산', '규제', '거래', '주택', '외국인']",SBS 뉴스
387,국힘 3개 시민단체 서울시 보조금 2천억 독점전장연 전형적인 가짜뉴스 MBN 뉴스7,"['부분', '수급', '환수', '뉴스', '단체', '서울시', '보조금']",MBN News
388,오세훈 시민혈세로 특정 시민단체 편중 지원 잘못된 관행 바로잡아야  SBS  속보영상,"['예산', '평가', '시장', '사업', '조직']",SBS 뉴스
389,민간보조금 민간위탁금 10년간 1조 서울시 시민단체 ATM기로 전락,"['시민', '단체', '서울시', '지원', '사업']",조선일보
390,목돈연구소 서초동 37억 아파트가 5억에 거래됐다고 하는데 무슨 사연일까 I 부동산연구소 230315수,"['대출', '전세', '월세', '금리', '시장', '지금', '가격', '빌라']",SBS 시사교양 라디오 - 시교라
391,서울서초아파트 반포동 래미안퍼스티지 아파트 새해 첫 거래는 최저가 시작,"['최고', '대비', '상승', '금액', '지금', '매매', '거래', '평균', '최저', '정도']",베테랑부동산TV
392,세금 신고로 부터 자유로운 농막대신 정박형 카라반을 해야하는 이유 농막 이동식주택 세컨드하우스 전원주택 모듈러하우스,"['행사', '고요', '할인', '한번']",큰집작은집
393,농막 신고와 기초공사 필요 없는 소형주택 그 이유 알아볼까요 농막 농막전시장 이동식주택 농가주택 전원주택 목조주택 카라반 트레일러 이집두집,"['기초', '부분', '제품', '생각', '가격', '운송']",이집두집tv
394,농막의 종류 장점 선별법 농막설치신고절차 이동식주택 가격,"['부분', '설치', '실제', '참고', '도움']",토지스쿨
395,단타 승률 상승 보장합니다 RSI 매매기법 제대로 RSI 지표 보는법,"['다음', '주가', '상승', '참고']",시윤주식
396,이동평균선만 보시지 마시고 이 지표들도 같이 보시면 승률이 올라갑니다 김준영 스폐셜 시즌 2EP 02,"['조금', '주식', '공부', '내용']",한국경제TV
397,우량주 시가갭매매 안전한 승률과 수익률에서  이방법으로 수익내보자JJ리더,"['매수', '수급', '종목', '매매', '발생']",JJ리더
398,MACD 지표 매매기법 설정법 보는 법 10분만에 완료해드립니다,"['목표', '변화', '자리', '가격', '하락']",골드핑거
399,눌림목 매매기법의 3가지 조건 승률 높은 테마 대장주 쉽게 찾는 법,"['매수', '조정', '종목', '매매', '분할', '댓글']",헌트주식
400,1일1제 105일차03월22일월 소급효금지원칙,"['처벌', '소급', '적용', '기준']",신광은 형사법
401,대법 특례법 소급 적용과거 아동학대도 처벌,"['아동', '적용', '처벌', '소급', '발생', '범죄']",KBS News
402,한국 국가부채비율 2026년에는 비기축통화국 3위,"['세금', '증가', '지출', '한국', '재정']",전경련TV
403,OECD국가 비기축통화국 17개 국가 중에서 국가부채비율 증가폭 1위 GDP대비 재정지출 규모 986퍼센트로 2위로 크게 높아 이춘근 국가부채 방송 256회,"['장기', '분석', '부채', '건전성', '우리나라', '재정', '정부', '환경']",이춘근교수방송
404,재개발의 진행과정 시세차익만 생각해서 진입했다가 후회할 수 있습니다ㅣ재개발의 신 17화,"['시행', '관리', '부터', '설립', '사업', '정도']",직방TV
405,대단지도 돈 안됩니다재개발재건축에 부는 찬바람한국경제TV뉴스,"['시공사', '이후', '수주', '설립', '사업']",한국경제TV뉴스
406,추석 선물 대세는 9만9천 원한우굴비 매출 회복  YTN,"['이하', '판매', '상품', '가격', '추석', '선물']",YTN
407,김영란법 1년한우전복 등 매출 감소에 한숨만,"['규정', '감소', '매출', '선물']",뉴스TVCHOSUN
408, 박정희 대통령 독재를 했지만 경제 성장을 이루는 국가로 발전 차이나는 클라스 3회,"['국가', '대통령', '한국', '동안', '산업']",차이나는 클라스
409,박정희 대통령의 놀라운 판단력으로 이룬 한국 경제 발전 비화,"['외국', '전문가', '기술', '대통령', '한국', '교육', '기업']",박정희 일화 TV
410,염승환 주식투자 변수 5월 공매도 재개 아니라 6월 이것염블리의 공매도 시나리오,"['기억', '가치', '브랜드', '투자']",매거진동아
411,5월 3일 공매도 재개 삼성전자 이렇게 됩니다,"['생각', '그다음', '상승', '지금']",주식 백만장자
412,머니올라 207화염블리의 비밀노트 공매도 재개 중소형주에 기회 스몰캡 투자로 돈 버는 요령은염승환 부장,"['기업', '생각', '이면', '투자']",머니올라_KBS
413,공매도 재개의 영향과 그에 따른 대응전략은  염승환부장  이선엽센터장  주식다방  염블리  염부장  주식  투자  투자전략 ,"['고용', '부분', '이전', '지금', '수도', '생각', '우려']",E트렌드
414,상위 20퍼센트 소득 하위 20퍼센트의 547배양극화 15년 만에 최대  YTN,"['가구', '소득', '고용', '일자리']",YTN
415,3단계 코앞에 유통가 비상백화점 노심초사 마트 예의주시  YTN,"['매출', '마트', '주문', '온라인', '단계', '거리']",YTN
416,대형마트 집단감염 춘천 거리두기 2단계 격상부산 수산업계 비상  YTN,"['감염', '지역', '진행', '확인', '검사', '부산']",YTN
417,당정청 3단계 격상 신중국민의힘 군불만 때나  YTN,"['정부', '단계', '국민', '상황']",YTN
418,우체국 소포상자에 뚫린 구멍택배기사 배달 부담 줄인다  머니투데이방송 뉴스,"['업무', '생각', '구멍', '택배']",MTN 머니투데이방송
419,KNN 뉴스 계란라면 사재기 조짐까지,"['인상', '매출', '라면', '가격', '식품']",KNN 뉴스
420,벌써부터 담배 사재기 조짐  YTN,"['편의점', '담배', '매출', '판매', '발표', '인상']",YTN
421,전월세금지법 최대5년 실거주 의무 영향분석,"['감소', '마련', '물량', '분양', '주택', '임대']",대왕부동산TV
422,거주의무시행령 정리  예외조항 6가지로 전월세 내주는 방안,"['부분', '경우', '전세', '거주', '내용']",청년경제가 양진영
423,전월세 금지법 2월 19일 시행예상되는 부작용은,"['아파트', '분양', '시장', '금지법']",ALL IT NEWS 올잇뉴스
424,셀트리온 달라진 개인 주주들 주가 상승에 가장 중요한 것은 주식배당 2퍼센트는 덤 연말 국내 시장 조심해야 할것은 주요 종목 리뷰셀트리온 에코프로비엠 삼성전기,"['과정', '상승', '생각', '조정']",나는개미다 - 날개미주식TV
425,2023년부터 소액주주도 주식 양도소득 과세  연합뉴스 Yonhapnews,"['주주', '주식', '투자', '금융', '소득', '거래', '과세']",연합뉴스 Yonhapnews
426,달라진 공인인증서 헷갈리시죠 깔끔하게 정리해 드리겠습니다,"['카카오', '인증', '발급', '인증서', '버튼', '선택', '다음']",누나IT
427,공인인증서폐지 되면 어떻게 바뀔까 새로운 금융인증서비스 이용하려면,"['인증', '참여', '인증서', '금융', '이용', '서비스']",금고엄마
428,공인인증서 21년 만에 퇴출달라지는 인증 방법은  KBS,"['민간', '사용', '발급', '인증서', '기존', '공인', '서비스', '정부']",KBS News
429,자막뉴스 한국 핵무장 전 세계 소프트파워 파괴 강력한 경고  YTN,"['무장', '한미', '한국', '핵무기']",YTN
430,기후변화 해답 기술 혁신으로 찾을 수 있을까,"['기술', '석유', '지금', '에너지', '시대', '만약']",슈카월드
431,2천조 시장이 열린다 미국 러시아 중국이 목숨걸고 뛰어든 SMR소형 원전 시장과 수혜주,"['원자력', '관련', '발전', '사업', '발전소']",달란트투자
432,소형 원전 돈 안되고 큰 손해 볼 것 SMR 한국의 큰 착각  서해안 건너 중국 원전 49기 한국 환경 큰 위협 될 것  두산에너빌리티 서균렬 교수,"['이해', '교수', '조사', '한번']",815머니톡
433,휴면통장은 계좌 거래 중지가 되나요 입출금 거래가 없는 통장의 거래가 중지되었는데 다시 살리려면 어떡해야 하나요,"['예금', '계좌', '상담', '관리', '금융', '거래', '정보', '서비스', '이상']",로시컴LawSeeComTV
434,내년 주택 46만 가구 공급하락 국면 진입 불가피  KBS 20211227,"['가구', '내년', '물량', '사업', '주택', '공급', '정부']",KBS News
435,270만 가구 공급대책집값 하락기에 실효성 있나  JTBC 아침,"['부분', '금리', '지금', '정책', '공급']",JTBC News
436,02 주주총희 의결권 행사방법,"['주주', '경우', '행사', '전자', '의결권', '방법']",상장협 기업법제TV
437,상법기관 1주 1의결권 제도,"['행사', '감사', '주주', '선임', '수도', '제한', '원칙', '의결권']",edu hokma
438,양도세도 OK종부세도 OK세금 부담 없어진 농어촌주택고향주택커지는 세컨하우스의 꿈2022세제개편안 해설,"['제출', '취득', '자금', '계획', '주택', '토지']",윤창희의 생존경제_KBS
439,세금이 부담스럽나요 세금 걱정 필요없는 다주택자 세금 전략 김병권 userpv5rf3ex7b,"['부담', '세금', '소득', '투자']",단희TV
440,법통과 재산세를 죽을때까지 미룰 수 있는 제도가 시작됩니다,"['납부', '이상', '신청', '제도']",윤창희의 생존경제_KBS
441,재산세만 3억 부담 다주택자들 믿을수없는 폭탄 터졌다 앞으로 더,"['세금', '입장', '부담', '주택', '정부']",배종찬교수의 맛있는 돈이야기
442,재산세종부세 부담 줄어드나정부 인수위와 협의해 22일쯤 발표,"['공약', '방안', '검토', '부담', '지난해', '수준', '주택']",뉴스TVCHOSUN
443,건축허가 받은 토지 매매시 주의사항,"['허가', '취득', '발급', '상태', '자격', '변경', '목적']",명가부동산tv
444,토지거래허가구역  경기도 난리났다,"['매수', '법인', '문제', '지역', '구역', '외국', '우리나라', '외국인']",라이트하우스
445,토지거래허가구역 원삼면 토지 살 수 있나,"['영상', '토지', '카페', '정보']",부동산공화국
446,뉴스추적 상속세율 최대 60퍼센트OECD 국가 최고 수준 MBN 뉴스7,"['뉴스', '정도', '상속', '상속세']",MBN News
447,한국 상속세 세계 최고사업포기 등 부작용 속출  YTN,"['최고', '조정', '세계', '상속세', '세율', '세수', '수준', '기업', '상속']",YTN
448,팩트체크 이건희 상속세 12조원한국 상속세는 세계 최고 수준  JTBC 뉴스룸,"['세금', '상속세', '세율', '재산', '경영']",JTBC News
449,속보 앞으로 중국 발전소 지으려면 한국 허락 받게되자 중국 대혼란 상황중국 상하이 법원마저 한국승소 판결 한국 천문학적 라이센스비 받게됐다,"['기술', '특허', '제품', '태양광', '중국']",잡식왕
450,특허성공사례 새로운 음식을 개발했다면 특허로 어디까지 보호가 될까요 레시피가 노출되는 염려는 없을까요  이용철 대표님의 오리뼈 우거지탕,"['영상', '공개', '음식', '특허', '오늘', '실제', '방법']",변리사이동기
451,고용브리핑 365 여성 고용 동향  연합뉴스TV YonhapnewsTV,"['고용', '통계청', '경우', '인구']",연합뉴스TV
452,고용브리핑 365 7월 고용동향  연합뉴스TV YonhapnewsTV,"['구조', '수출', '산업', '국내']",연합뉴스TV
453,대출아님 정부창업지원금으로 무자본 창업했어요 2천만원에서 1억원 받기  예비창업패키지,"['라이브', '도전', '지원', '사업', '도움']",올빗 Orbit
454,이미 창업한 분들도 가능 누구나 생각만 있다면 내 돈 없이 공짜 창업 가능합니다 부산꼼장어,"['지원', '사업', '정부', '한번']",행크TV
455,대출아님 정부창업지원금으로 무자본 창업하세요 1억받는 노하우예비창업패키지초기창업패키지청년창업사관학교정부지원가업,"['국가', '오늘', '원금', '사업', '준비']",러브미겸
456,정부지원금받고 창업하는법 카페창업 정부지원금 로컬크리에이터,"['창업', '영상', '조금', '카페']",빵쟁이하이디
457,계약갱신청구로 임대차계약서 다시 작성할 때 반드시 적어야 할 것,"['지금', '입자', '계약', '자료', '내용']",부동산쇼
458,이런 전세 계약에 서명했다면 보증금 못 받습니다  모두 이렇게 당했습니다 계약서 당장 확인하세요,"['전세', '사기', '오늘', '피해', '내용']",버미쌤
459,보증금 6천만원 월세 30만원 넘으면 전월세신고 해야 6월 1일부터 전월세신고제 시작,"['임대차', '시장', '규제', '임대']",부동산쇼
460,전국민 대상 5월31일까지 안하면 과태료 100만원 꼭 확인하세요,"['과태료', '신고', '임대', '계약', '부과', '임대차', '정부']",돈되는 상식!
461,감쪽같이 날린 내 전세 보증금 도대체 무슨 일이,"['전세', '과정', '보증', '도움']",윤창희의 생존경제_KBS
462,원룸 전세 사기 이렇게 칩니다 책 전세금을 지켜라가 출간되었습니다,"['배당', '신고', '기억', '보증금', '이사', '확정']",덕방연구소
463,전세 안전판 전입신고확정일자 모두 뚫렸다 9시 뉴스  KBS 20230308,"['위조', '오피스텔', '전세', '보증금', '전입', '임대']",KBS News
464,직접 1억을 사기 당하고 알게된 전세사기의 모든 것,"['등기', '주소', '관계', '전세', '소유권', '확인', '사람', '계약', '표시', '권리']",호갱구조대
465,자막뉴스 백신 개발하던 국내 기업의 결정업계 파장  YTN,"['백신', '개발', '기업', '국민']",YTN
466,삼성바이오로직스 모더나 백신 위탁생산 계약 체결  YTN,"['대통령', '백신', '행사', '기업']",YTN
467,SK바이오 코로나 백신 임상 3상 승인내년 상반기 상용화 목표  YTN,"['백신', '시험', '접종', '진행']",YTN
468,눈앞에서 사라진 암호화폐 거래소 KBS 210527 방송,"['거래소', '거래', '암호', '신고']",KBS 교양
469,유니클로만 단독으로 있는 창고형 매장은 지금 어떨까 갔다 왔습니다,"['유니클로', '손님', '생각', '불매운동', '이번', '매장']",Mr.셜록
470,일본 최고부자의 비결 불황에 최고가 되다 유니클로 이야기  소비더머니,"['일본', '유니클로', '시장', '세계']",소비더머니
471,유통기한 지났어도 절대 버리면 안되는 식품 절대 버리면 안됩니다,"['유통', '기한', '보관', '라면']",조여사전성시대
472,평생 써먹는 유통기한 꿀팁,"['기한', '음식', '유통', '이상']",1분만
473,자막뉴스 4년 만에 62퍼센트일본 차 그동안 무슨일이  YTN,"['일본', '판매', '시장', '브랜드', '전기차']",YTN
474,일본  판매량 4년 만에 62퍼센트그동안 무슨일이  YTN,"['일본', '판매', '시장', '브랜드', '전기차']",YTN
475,한국 VS 일본 TOP20 기업 이익 비교 매출영업이익당기순이익,"['일본', '시장', '한국', '자동차', '기업', '산업']",꼼꼼경제
476,몰아보기 일본구매대행 강의 한번에 정주행하시고 창업 시작하세요  무료 소싱리스트 나눔도 있으니 다 받아가세요에서 ,"['이번', '영상', '질문', '내용']",투트랙
477,일본차 눈물의 폭탄세일그래도 망설여져 20191106뉴스투데이MBC,"['일본', '판매', '실적', '지난달', '차량']",MBCNEWS
478,앵커리포트 인천공항 보안직원 정규직 전환안팎에서 반발  YTN,"['직원', '고용', '전환', '정규직', '준비']",YTN
479,자막뉴스 연봉 5천만 원 인천공항 정규직 전환 오해와 진실  YTN,"['고용', '공개', '정규직', '채용', '검색']",YTN
480,윤석열 징계위원회 심의 오늘 일정 종료15일 속행  YTN,"['법무부', '검사', '위원회', '신청']",YTN
481,잠시 뒤 윤석열 검찰총장 징계위원회 시작 출석 안 해  YTN,"['법무부', '조사', '절차', '장관']",YTN
482,상한가 원전 30조 잭팟 빌게이츠도 쓸어담는 원전 저평가 대장주 TOP3 공개 두산중공업 일진파워 원전관련주,"['시작', '무료', '내용', '추천']",마르스 김동석의 리얼주식
483,수입차를 이 가격에 구매 가능하다고 푸조 3008 가솔린 국내상륙,"['고객', '진행', '구매', '계약', '차량']",푸조 수원 광교 전시장_메종오토모빌
484,헌법 개정토지공개념,"['문제', '생각', '헌법', '개념', '토지']",법률방송
485,여의도튜브 국제입찰 위조 경력 자격 의심  업체 한전 입찰 도마 위,"['청와대', '청원', '기업', '중국']",MTN 머니투데이방송
486,한전중국입찰 한전이 중국에 매각,"['상황', '중국', '수도', '생각', '기업']",게소리
487, 한전 자격 없는 중국에 입찰 허락 꼼수  행안부 북한 접경지에 2160억 투입  코로나 위기속에 중국과 북한에 선물을,"['전력', '국민', '중국', '경쟁력', '사업', '국내']",자시법TV
488,창고 덮치자 마스크 4만 개매점매석 꼼짝 마 20200206뉴스데스크MBC,"['마스크', '구매', '정부', '국내']",MBCNEWS
489,종목분석 두산에너빌리티 주가 전망  기대되는 원전 수주 및 실적 전망 차세대 원전 SMR 의미 평가 PRS 옵션계약 주가 영향 평가,"['기업', '가치', '목표', '회사']",구해줘경제
490,주식 삼성이 투자하는 최저평가국내최초 바이오 기술 보유 이 기업 지금부터 5배는 상승 합니다삼성바이오로직스삼성전자펩트론항암제관련주제약주전망2차전지원전KBG,"['매수', '상장', '링크', '실적', '무료', '지금', '말씀']",지니 강태공
491,두산에너빌리티 주가전망 원전 관련주 8월 새로운 모멘텀 분석과 두산그룹 자체적 평가 두산에너빌리티 두산그룹 두산 두산에너빌리티주가전망,"['모습', '수급', '조금', '추가', '외국인']",주식정리해주는남자
492,원자력 발전  원전 산업의 증시 전망과 투자 가치 평가  주식 팅킹 4342화,"['회사', '업체', '생각', '기술']",임민호의 주식 경제
493,아마존 죽스 첫 자율주행 택시 공개최고 시속 120km  YTN,"['택시', '속도', '서비스', '방향']",YTN
494,25년 베테랑의 일상이 멈춰버린 날 안전에는 베테랑이 없습니다,"['근로자', '설치', '안전', '사고', '작업']",국토교통부
495,풀영상 929 2020년 산재사망 건설노동자 458인 합동위령제,"['건설', '민주', '안전', '세상', '노총', '투쟁', '현장', '오늘', '노동자']",민주노총전국건설노동조합
496,또 산재 사망사고20대 외국인 노동자 10층서 추락  KBS뉴스News,"['건설', '안전', '아파트', '현장', '작업', '외국인', '노동자', '사고']",KBS News
497,주택 쏠림 심각절반 무주택에 다주택은 증가  YTN,"['가구', '전체', '보유', '부동산', '주택', '현상']",YTN
498,통계청 2020년 주택소유통계 발표,"['감사', '방송', '부동산', '지금', '아침', '주택']",감사스마일 TV
499,김영남 개인택시티비 여객자동차운수법 시행령 일부개정안 무엇이 달라졌나,"['운행', '개선', '조합원', '촬영', '생각', '제도']",김영남개인택시티비
500,성범죄자 택시자격 제한 여객자동차법 개정안 어떤 내용일까  도로왕 김지훈 변호사,"['버스', '지금', '택시', '자격', '운전']",도로왕 김지훈 변호사
501,이슈분석  소득격차 최고치소득주도성장 유지하나,"['해결', '상황', '대통령', '생각', '현실']",SBS Biz 뉴스
502,모피아 면죄부의 비밀검찰 풀영상  창405회 2327,"['검찰', '판단', '자본', '수사', '산업']",KBS시사
503,유니클로 신용카드 매출 70퍼센트이나 급감했다고 알려져 무료 히트텍 광고까지 했는데 이렇게 됐다고 근황이 궁금하다면 바로 영상 클릭,"['일본', '유니클로', '운동', '한국', '시작']","팩튜브, 사실만을 알려드리는 이슈 유튜버"
504,고용브리핑365 취업 예약하고 논다  연합뉴스TV YonhapnewsTV,"['지수', '취업', '국민', '청년']",연합뉴스TV
505,한국철도 사장 철도노조 파업 막지 못해 죄송불편 해소 위해 총력  연합뉴스 Yonhapnews,"['열차', '운행', '국민', '철도']",연합뉴스 Yonhapnews
506,철도노조 오늘부터 준법투쟁일부 열차 지연 KTX 정상운행  KBS,"['투쟁', '철도', '운행', '올해']",KBS News
507,철도노조 무기한 파업 예고KTX 운행률 69퍼센트  YTN,"['운행', '열차', '부터', '수준', '파업', '인력']",YTN
508,철도노조 내일 경고파업열차운행 일부 차질  YTN,"['노조', '안전', '요구', '지금', '파업', '철도']",YTN
509,주담대 금리 어디까지 오를까영끌족 부담 막막  KBS 20220531,"['담보', '대출', '금리', '포인트', '주택']",KBS News
510,최대 4억 무이자대출에서 191퍼센트 정부지원 29가지 총집합 초저금리 대출 방법 알려드립니다,"['상공', '창업', '금리', '대출', '지원', '대상', '다음']",복지마블TV [Welfare Marble]
511,HF 주택담보대출 서민형안심전환대출 신청방법 한국주택금융공사,"['배출', '은행', '대출', '신청', '정보', '다음']",한국주택금융공사
512,신용카드 혜택 100퍼센트 누리기결제일은 이날로 해라 손희애 금융 크리에이터  JTBC 상암동 클라스,"['고요', '카드', '리볼빙', '처럼', '수수료', '사용', '비율']",JTBC News
513,정태옥 유독 보수 유튜버들에게 집중되는 일명 노란딱지 왜 그럴까,"['유튜브', '시장', '그때', '검토']",시사포커스TV
514,2023년 1월부터 교통비 지원금 매월 최대 39600원 청년과 저소득층은 더 많이 드립니다,"['카드', '이용', '버튼', '마일리지']",복지마블TV [Welfare Marble]
515,최대 1080만원 지원받는 청년정책 Best5 총정리 대학생 취준생 알바생 직장인 국민취업지원제도 주거급여 청년저축계좌 청년우대형청약통장 청년수당 구직촉진수당,"['지급', '정책', '신청', '청년', '급여']",돈 버는 정보 이언니
516,2022년 서울시 청년수당 오리엔테이션,"['정보', '센터', '상담', '프로그램', '신청', '서울시', '고민', '온라인', '청년']",서울시청년활동지원센터
517,현장 카메라늘어난 전기 도둑일반 콘센트서 충전도  뉴스A,"['전기', '충전', '전기차', '자리']",채널A 뉴스
518,생방송 대한민국 1부내년 예산 적정 감액 규모 1조 3천 억 원 근거와 정부 입장은,"['부터', '생산', '오늘', '소비']",KTV 뉴스
519,최대 규모 건설수주  70년대 우리나라 예산 14 규모의 중동 수주에 이은 제2의 중동붐의 시작  현대건설 사우디 석유화학 플랜트 건설 석유화학단지 쥬베일 아미랄,"['수주', '건설', '평가', '프로젝트', '계약', '이번', '정부']",제갈공명의 시장의눈
520,농축산물유류집세 다 올랐다물가 4개월 연속 2퍼센트대 상승  YTN,"['상승', '안정', '승률', '가격', '정부']",YTN
521,농축산물유류집세 다 올랐다물가 4개월 연속 2퍼센트대 상승  YTN 사이언스,"['상승', '물가', '안정', '승률', '가격']",YTN 사이언스 투데이
522,부자되려면 꼭 채우세요 신용점수 1000점 빨리 만드는 9가지 방법 김경필 돈쭐남 신용점수,"['점수', '얼마', '저축', '신용']",부티플 - 부의 배수를 높여라
523,신용등급 박살내는 3대장 리볼빙 현금서비스 카드론에 대한 모든 것,"['대출', '카드', '리볼빙', '결제', '이용', '수수료', '서비스', '신용등급', '하락']",카드고릴라
524,신용등급신용점수 빨리 올리려면 딱 이렇게만 하세요,"['신용', '카드', '리볼빙', '서비스', '점수']",기사회생TV
525,카드론 현금서비스 리볼빙 결제 방식의 단기 대출의 사용시 신용점수에 주는 영향,"['경우', '카드', '이용', '금융']",김소장
526,근로장려금 330만원 이런 사람 이제부터 못받습니다 근로장려금 자녀장려금,"['조건', '근로장려금', '대한민국', '오늘', '신청']",내편TV
527,3월부터 국민용돈 215만원 이제 신청 안해도 다 줍니다 달라지는 근로장려금 자격조건 및 신청방법,"['가구', '자녀', '자동', '근로', '지급', '최대', '오늘', '신청', '올해']",돈되는 상식!
528,이러면 못 받는다 2022년 새로 바뀐 근로장려금 신청자격 신청방법 소득요건 재산요건 신청기간 지급일 등,"['근로장려금', '신고', '기준', '소득', '지난해', '신청', '확정']",내편TV
529,4억 깎아줘도 안 팔려논란의 칸타빌 수유 가봤습니다한국경제TV뉴스,"['아파트', '분양', '거리', '위치']",한국경제TV뉴스
530,6억 아파트 청약당첨시 내돈은 얼마가 필요 계약금부터 중도금 대출 잔금대출까지 계산,"['대출', '중도', '라면', '지역']",김알TV Korea
531,11도 안 되는 경쟁률이젠 거들떠보지도 않는 아파트 청약  KBS 20221220,"['가구', '시장', '울산', '아파트', '가격', '분양', '청약']",KBS News
532,해 뜨고 지는 걸 버스에서 매일같이 보는 평균 월 300이상 버는 젊은 기사님,"['퇴근', '기사', '버스', '손님']",갈때까지간 남자-
533,무시당하던 한국이 미국 중국 일본 쌈싸먹었던 전설의 사건,"['예언', '부동산', '이명박', '정책', '주택']",1급 비밀
534,남북평화경제 실현의 문제점,"['기사', '한국', '사람', '가치']",얼음사이다
535,풀영상 문 대통령 남북경협으로 평화경제 실현해 일본 따라잡을 것  연합뉴스 Yonhapnews,"['일본', '국제', '정부', '협력']",연합뉴스 Yonhapnews
536,어떤 유니클로 직원이 직접 쓴 현장 메시지 상황이 심각하다 그래도 불매 운동해달라,"['직원', '유니클로', '브랜드', '우려']",Mr.셜록
537,유니클로 할인행사에 북적일본 불매운동 잠잠해지나MBN 종합뉴스,"['일본', '유니클로', '불매운동', '행사', '할인']",MBN News
538,택배 기사들 유니클로 배송 거부마트 노동자도  불매 운동  KBS뉴스News,"['일본', '제품', '유니클로', '택배']",KBS News
539,일본 불매운동근황 유니클로 직원 공식피셜 일본 불매운동 계속 해달라,"['직원', '일본', '유니클로', '고객']",아궈
540,기획재정부 모습TV 예산의 이해,"['예산', '제출', '시간', '장관', '오늘', '일반']",기획재정부
541,인건비 계상부터 집행까지 국가연구개발사업 인건비 관리방법,"['등록', '집행', '인건비', '참여', '경우', '관리', '지급', '기간', '변경', '급여']",사업비정산 헬프데스크
542,수출 부진에 공급 과잉석유화학업계 빨간불  KBS 20230705,"['중국', '업계', '공장', '가동']",KBS News
543,울산수출 5개월 만에 감소향후 일본이 복병,"['일본', '증가', '전망', '영향', '부터', '지난해', '자동차', '수출']",울산MBC뉴스
544,경제브리핑3년 만에 일본수출 감소,"['감소', '울산', '아파트', '가격', '현대', '자동차', '기록', '수출']",울산MBC뉴스
545,주행거리 800km에 전기와 수소를 고를 수 있다고 출시 확정된 르노 시닉 비전이 진심 미쳤다는 이유,"['용량', '방식', '수소', '차량']",남자들의 자동차 - 남차카페
546,여의도튜브 수소차 심장 한번에 짠에서  전세계 딱 한 곳만 가능 이러니  당할 수 있나 머니투데이방송,"['목표', '연료', '건설', '생산', '전지', '전기차', '시스템']",MTN 머니투데이방송
547,자막뉴스 국내 최초로 자체 생산대대적 거점되는 인천  YTN,"['버스', '충전', '수소', '인천']",YTN
548,꿈의 소재 탄소섬유 국산화 성공 그리고 아람코와 협약까지 일본 소재기업들 초비상 걸린 이유,"['일본', '탄소섬유', '시장', '투자', '수소']",WETUBE
549,기술독립 강철보다 강한 국산 탄소섬유국내서만 찬밥 20190818뉴스데스크MBC,"['일본', '탄소', '기술', '국내']",MBCNEWS
550,탄소섬유 시작은 비슷했지만 최고 된 비결은 20190723뉴스데스크MBC,"['일본', '탄소섬유', '기술', '탄소', '시장', '수준']",MBCNEWS
551,또 다른 쾌거 탄소섬유를 뛰어넘을 유일한 소재 탄소나노튜브섬유 상용화 기술 개발,"['탄소섬유', '탄소', '지금', '한국', '이번', '개발']",인포뱅크 TV Infobank
552,전략물자 통제 가입 안 한 은 두고한국 제외 20190729뉴스데스크MBC,"['일본', '통제', '허가', '적용', '한국', '수출']",MBCNEWS
553,하태경 한국 불법수출 했다고일본이 전략물자 북에 밀수출,"['일본', '생각', '정부', '지금']",JTBC News
554,풀영상 하태경 일본 불화수소 등 전략물자 북한에 밀수출 확인  연합뉴스 Yonhapnews,"['일본', '관계', '지금', '한국', '수출']",연합뉴스 Yonhapnews
555,전략물자 유출 무슨 근거 조선일보 보라 20190710뉴스데스크MBC,"['기사', '일본', '자료', '전략', '수출', '정부']",MBCNEWS
556,일본 수출규제 시행 1년 한국의 소재 국산화 상황은 소재독립 끝나지 않은 전쟁 풀영상ㅣ시사기획 창 291회 20200704,"['일본', '부분', '소재', '기업', '산업']",KBS시사
557,최저임금제도에 대한 바른 이해 임금 인상 수단 아냐 썰전 272회,"['문제', '최저임금', '임금', '최저', '노동자', '인상']",JTBC Entertainment
558,2024년도 생계급여 기준중위소득 역대 최대 인상 금액은 얼마,"['가구', '수급', '교육', '기준', '소득', '올해', '수준', '급여', '인상']",플러스창 pluswindow
559,월급 올랐지만 복지 혜택 뚝사각지대 몰린 중위소득,"['기준', '부터', '최저임금', '소득', '복지', '혜택']",JTBC News
560,개미일기 증여세 vs 상속세 둘 중 뭐가 유리할까  YTN,"['경우', '세금', '신고', '상속']",YTN
561,당신의 가족 상속세 얼마 나올까요 상속 이슈 완벽 정리,"['재산', '생각', '상속', '정도']",윤창희의 생존경제_KBS
562,상속세 증여세 딱 20분 투자로 증여세상속세 절세 완전정복하기 ,"['경우', '청구', '상속', '소송']",법무법인 담윤
563,뉴스룸 모아보기 황교안 외국인 임금차별 발언 후폭풍,"['국민', '보험', '외국', '노동자', '외국인']",JTBC News
564,경제를 모르는 황교안 외국인 똑같은 임금 불공정 발언에 또 설왕설래,"['고용', '차별', '임금', '청년', '노동자', '외국인']",JTBC News
565,vlog월2000버는 22살 프리미엄 택시기사 하루일과,"['퇴근', '마음', '택시', '사람', '오늘', '조금', '하자']",준빵조교
566,경기도 택시요금 예상 변경된 서울시 택시 시외요금,"['퇴근', '시간', '울산', '부터']",막까파TV
567,청년실업의 진짜 이유는 경제파탄난 일본도 청년실업이 낮은데 왜 우리만 높을까,"['청년', '취업', '도움', '정책']",더나은삶TV
568,라면치킨음료 업체 원가 부담 줄었는데도 가격 인상  YTN,"['매출', '제품', '업체', '가격', '포인트', '하락']",YTN
569,소주값 인상에 주류주 주가 오르는데 실적 뒷받침될까 20220224,"['소주', '개선', '실적', '주류', '업계', '부담', '가격', '인상']",이데일리TV
570,LG U의 논란이 되는 화웨이 장비 선택과 전망,"['시행', '제품', '기업', '부터', '중국', '정부']",5분토픽
571,빈곤선과 빈곤율의 관계 완벽 정리 I 중위소득 대비 최저 생계비 50퍼센트 I 사회문화 I 표분석 I 빈곤,"['미만', '빈곤', '소득', '대비']",문사탐
572,메디칼 소득 한도가 인상되었어요,"['빈곤', '금액', '적용', '기준', '소득']",한인복지 상담센터
573,한국 노인 빈곤 OECD 1위소득도 자산도 빈곤  YTN,"['가구', '빈곤', '기준', '소득', '재산', '수준', '노인', '자산', '보고서']",YTN
574,빈곤의 개념과 소득 불평등 빈곤의 개념절대적상대적 빈곤 등과소득불평등지니계수 10분위분배율 5분위분배율에 대해 살펴봅니다,"['기억', '시간', '불평등', '소득', '개념']",복지in 연구소
575,공시지원금VS선택약정 아직도 핸드폰 구매할때 할부원금을 따지시나요,"['포함', '원금', '요금', '공시', '선택', '할인']",스마트통신TV문PD
576,핸드폰 역대급 할인 공시지원 50만원의 비밀 S23구매전 확인,"['시간', '구매', '정리', '원금']",아저씨스타
577,휴대폰 싸게 살 수 있는 기본용어 정리 할부원금 공시지원금 선택약정,"['지원', '얼마', '선택', '휴대폰']",탐스TV
578,why 더 벌어진 소득격차 정부 소득주도성장 탓,"['가능성', '지금', '생각', '소득', '정부']",SBS Biz 뉴스
579,직장 잃고 소득 줄고저소득층 고용 참사 이어 양극화 참사,"['시장', '근로', '최저임금', '소득', '인상']",뉴스TVCHOSUN
580,직설 라이브 가계소득 동향 통계소득 양극화 더 심해져  소득주도 성장 정책 분석 필요합니다,"['세금', '얘기', '소득', '주도']",SBS Biz 뉴스
581,아동권리 기반 문화적 다양성 교육 프로그램 교육 스케치,"['권리', '친구', '생각', '아동']",아동권리보장원
582,아동권리 기반 문화적 다양성 교육 프로그램 성과보고회 영상,"['감사', '아이', '센터', '교육', '권리']",금융산업공익재단
583,실제영상  일본 간사이 공항 수소탱크 폭발 대참사 역대급 규모 수소탱크 폭발사태에 수십명 피해 공항 쑥대밭 올림픽 참가 일본 선수들 한순간에 국제난민된 상황 해외반응 일본반응,"['일본', '한국', '발생', '정부']",월드 댓글TV
584,노르웨이 수소충전소 폭발주변 차 에어백까지 터져  KBS뉴스News,"['충전', '탱크', '중단', '폭발', '수소']",KBS News
585,핫클립 수소는 위험한 것일까  YTN 사이언스,"['충전', '안전', '관리', '기준', '수소']",YTN 사이언스
586,수소 18 압력으로 저장폭발 위험 낮춘다  YTN 사이언스,"['충전', '기술', '연료', '저장', '수소']",YTN 사이언스
587,국가채무 40퍼센트 나라살림 괜찮은가요 강성태 긴급점검  기획재정부,"['우리나라', '재정', '상황', '지금']",기획재정부
588,이춘근방송 55회 국가부채 국가부채 급증 재정 건전성은 금융위기이후 최악 심히 걱정된다,"['대비', '지출', '국가', '관리', '적자', '재정', '국가채무', '정부', '비율']",이춘근교수방송
589,일본의 국가부채 계속되는 재정적자에도 일본이 붕괴하지 않는 이유는 무엇일까 7분 순삭,"['일본', '예금', '국민', '투자', '채권', '국채', '자산', '정부']",지식부장관
590,경제번역기 나라 살림을 위한 용어의 기본 재정수지 국가채무 편  기획재정부,"['부채', '국가', '기준', '건전성', '정보', '일반', '재정', '국가채무']",기획재정부
591,일본의 재정 상황이 상당히 위험한 상태라는 상징적인 사건이 발생한 상황 국가 채무는 갚을 필요 없다 이제 막 나가겠다는 일본,"['일본', '물가', '부채', '은행', '재정']",픽커TV
592,시민권 영주권자 앞으로 한국에서 치료받기 힘들어집니다 캐나다 이민 역이민 미국 호주,"['보험', '한국', '생각', '외국', '거주', '의료']",캐나다 육아대디
593,해외 영주권자 시민권자들은 한국의료보험 받기 힘들어 진다뉴욕키다리쌤,"['보험', '한국', '의료', '내용']",뉴욕 키다리쌤
594,재외국민 주민등록증 발급받기  재외국민이면 누구나 대한민국 주민등록증 발급이 가능합니다,"['문제', '수가', '한국', '거주', '주민', '이상']",켄PD의 우연한 행복
595,비거주자 양도세 부동산등양도신고확인서  타미현  세무사 현영락,"['매도', '수가', '신고', '경우', '발급', '확인', '이상']",타미현
596,경기 버스 첫차부터 운행 중단출근길 교통대란 불가피  YTN,"['버스', '노조', '파업', '운행']",YTN
597,사회이슈 청년실업률 IMF 이후 최악 일자리 대통령 일일 상황판 요즘은 안보나 추경 일자리 어디 갔나 20170914 4부,"['대통령', '점검', '지금', '한번']",황장수의 뉴스브리핑o
598,문재인대통령 청년일자리대책 보고대회 모두발언,"['대책', '청년', '노력', '일자리']",KTV 국민방송
599,공공민간 투트랙으로 청년실업 대응새 정부 시험대,"['민간', '공공', '일자리', '대통령', '청년', '채용', '추가']",JTBC News
600,청년 실업률 상승 폭 OECD 국가 중 압도적 1위  YTN,"['상승', '국가', '회원', '우리나라', '올해', '청년', '가운데']",YTN
601,이병태 소득주도성장론 대통령발 고난 시작 신동욱 라이브 3회 20181102,"['대통령', '얘기', '생각', '정부']",TVCHOSUN - TV조선
602,ILO 핵심협약 비준 절차 착수 ILO 핵심협약 비준 정부 입장 이재갑 고용노동부 장관 브리핑,"['관계', '비준', '질문', '추진']",KTV 국민방송
603,유럽연합 한국에 ILO 핵심협약 비준 압박 강화  YTN,"['핵심', '유럽', '절차', '우리나라', '노력', '지속', '비준', '노동']",YTN
604,25분 역대급 경제 대공황이 다시 찾아온다 다가오는 경제 위기 속 살아남는 법사피특강,"['자산', '순간', '수가', '투자']",사피엔스 스튜디오
605,경제는 역성장 공공요금 물가 인상률은 최고치 미분양 위험선총체적 위기 신호에 경기 침체 공포 확산  핫이슈PLAY MBC뉴스 2023년 2월 5일,"['부분', '규제', '투자', '정책', '생각', '정부']",MBCNEWS
606,당신의 가족 상속세 얼마 나올까요 상속 이슈 완벽 정리,"['재산', '생각', '상속', '정도']",윤창희의 생존경제_KBS
607,상속세 쉽게 완벽 정리 10분만에 이해하는 상속세와 절세 방법놀부부동산재테크,"['영상', '부채', '활용', '자금', '상속']",놀라운부동산
608,화폐개혁 부동산 핵폭탄터진다,"['부동산', '얘기', '학생', '한번']",배종찬교수의 맛있는 돈이야기
609,빈곤층 소득 18퍼센트 감소소득성장 최악의 역주행  김진의 돌직구쇼,"['최저임금', '이상', '인구', '지금']",채널A 뉴스
610,소주성 강화 민주당 총선 압승 소득주도성장 강화한다수출내수 다 안된다의류업계 줄초상최악의 위기는 아직에서 에서 정완진TV멋진아재TV,"['신청', '방송', '오늘', '구독']",정완진TV
611,경제 읽어주는 남자 김광석  54 소득주도성장 이대로 괜찮은가,"['부분', '이유', '생각', '소득', '주도']",오마이스쿨
612,요즘 한국경제 상황과 소름돋게 비슷하다는 버블경제 시절 일본 ㅎㄷㄷ,"['일본', '대출', '상황', '소비', '지금']",지식세포
613,자막뉴스 경제 보복 아베 한국 잘못이 무엇이냐 질문에  YTN,"['일본', '문제', '총리', '관련', '한국', '북한']",YTN
614,사모펀드 수사 정점으로핵심기업 익성 압수수색 20190920뉴스데스크MBC,"['관련', '링크', '상장', '전지', '투자']",MBCNEWS
615,이슈큐브  윤석열 부인 회사 과세자료 확보  연합뉴스TV YonhapnewsTV,"['청구', '의원', '검찰', '지금']",연합뉴스TV
616, 부인 회사 과세자료 확보수사 놓고 논란도  연합뉴스TV YonhapnewsTV,"['제기', '검찰', '회사', '자료', '과세', '수사', '청구']",연합뉴스TV
617,공정위 간부 불법취업 기업인사처 압수수색  YTN,"['취업', '검찰', '관련', '확보', '자료', '불법', '공정']",YTN
618,압류금지채권과 시효중단 사건 2341자 판례공보형사,"['집행', '중단', '명령', '채권', '취소']",판변티비[박판규변호사]
619,지금보면 소름돋는 베네수엘라 경제위기 당시모습들ㅎㄷㄷ,"['석유', '생산', '시작', '진행']",지식가이드
620,공동주택 공시가격 급락이 부른 예상 못한 파국,"['빌라', '전세', '생각', '상황']",쇼킹부동산
621,집 안팔아도 공시가격 변경 전날4월 28일 밤까지 죽어도 해야 할 일 D29 그 날 이후 벌어질 일,"['상승', '경우', '요건', '내년', '재산', '가격', '공시', '유지', '주택']",윤창희의 생존경제_KBS
622,종부세 계산 보고 놀라 자빠질 뻔 예상밖 계산 결과 종합부동산세 완벽 정리지병근 세무사,"['세금', '종부세', '경우', '납부', '부동산', '지금', '과세', '청구', '주택', '토지']",윤창희의 생존경제_KBS
623,10년만에 역대 최대 하락 아파트 공시가격이 부동산 시장에 끼치는 영향은KBS 230328 방송,"['생각', '지금', '주택', '마음']",해보라
624,오늘부터 전세 보증 기준 강화공시가 126퍼센트까지만 가입  SBS,"['이하', '금액', '보증금', '전세', '적용', '보증', '기준', '보험', '부터', '가격', '주택']",SBS 뉴스
625,포인트 경제 소득공제 40퍼센트 제로페이신용카드 벽 넘을까  KBS뉴스News,"['사용', '소비자', '결제', '소득', '방식', '정부', '할인']",KBS News
626,소상공인 페이 확대100만 원까지 소득공제 혜택  YTN,"['도입', '부담', '카드', '혜택', '공인', '정부', '시스템']",YTN
627,노동법노동조합 집단 연차 사용과 집단 연장근로 거부가 파업인가요,"['부분', '투쟁', '생각', '파업', '불법']",임놈&권놈 노동법의정석TV
628,43 노동쟁의의 개념부터 유형까지  쩌강,"['신청', '위원회', '조정', '노동']",HR아카데미
629,한국이 50년만에 경제강국이 된 이유 최병천 소장의 불평등 연구 23,"['설명', '자본', '월급', '대기업', '기업']",일프로TV 1PROTV
630,이인영 표 대북 구상 시동1천만 달러 인도 지원 20200806뉴스데스크MBC,"['지원', '북한', '정부', '설탕']",MBCNEWS
631,김정은 코로나 봉쇄 개성 특별지원정부 천만 달러 대북 지원  YTN,"['지원', '북한', '정부', '상황']",YTN
632,유니세프 등에 800만 달러 의결문재인 정부 첫 대북지원,"['그때', '트럼프', '대통령', '지원', '북한']",JTBC News
633,앵커의 눈 미세먼지 주범 석탄 발전이 절반재생에너지는 제자리  KBS뉴스News,"['발전', '비용', '에너지', '가격', '석탄']",KBS News
634,편의점 본사 다니다 편의점 창업C사G사 다 운영해 본 여사장님이 느낀 편의점 현실,"['편의점', '상품', '손님', '지금']",지방극장
635,대출상담때 제발 이말은 하지마세요 feat 대출의기술 6부,"['영상', '대출', '오늘', '댓글', '내용']",은행다니는 우빈아빠
636,3개월만에 신용등급 8등급에서 1등급으로 빠르게 올리는 방법 신용등급 관리 방법 ㅣ대출지니어스,"['영상', '대출', '신용등급', '준비', '방법']",알려줘! 금융
637,해외건설수주 통계  건설 수주국 TOP10 수주한건설사 TOP10  연간해외건설수주액 ,"['주변', '수주', '해외', '건설', '한국']",랭킹티비
638,구조적으로 악화되는 청년고용올해는 위기 9시 뉴스  KBS 20230111,"['고용', '취업', '시장', '일자리', '청년', '채용']",KBS News
639,2023년 바뀌는 일자리 지원금 15가지 총정리 청년 중장년 노인,"['고용', '취업', '프로그램', '지급', '수당', '올해', '제도', '원금', '지원', '오늘']",복지마블TV [Welfare Marble]
640, 예상 웃도는 일자리 증가에 뉴욕증시 급등  YTN,"['전문가', '증가', '지수', '가능성', '지난달', '일자리', '대통령']",YTN
641,자막뉴스 다시 폭탄 본격화다가오는 잔혹한 현실  YTN,"['담보', '상승', '은행', '대출', '금리', '기준', '주택']",YTN
642,자막뉴스 한동안 잠잠하더니 이상 조짐영끌족 드리우는 위험  YTN,"['상승', '은행', '금리', '대출', '뉴스', '비용', '자금']",YTN
643,내년에 금리 또 오른다고정금리 대출 수요  YTN,"['은행', '금리', '대출', '기준']",YTN
644, 주택담보대출 노하우정리 주담대 8퍼센트 고정금리 변동금리 갈아타기 주거래은행 중도상환 영끌족  김현우 소장 행복자산관리연구소 미경언니의 경제과외,"['금융', '대출', '공부', '프로그램']",MKTV 김미경TV
645,매경TEST 시사용어 I 기관투자자야 일해야지 스튜어드십 코드란,"['주주', '도입', '소송', '국민연금', '투자자', '코드', '국내']",매테나
646,집중분석 국민연금 스튜어드십코드 7월말 시행도입 배경은,"['문제', '기금', '대비', '주식', '시장', '국민연금', '운용', '평균', '구조']",SBS Biz 뉴스
647,20대 30대 40대의 스튜어드쉽 코드 도입에 대한 찬반을 보면 그냥 나라 망하자,"['현실', '유튜브', '처럼', '채널']",서우파
648,정혜림의 숏티 스튜어드십 코드가 뭐야,"['시작', '코드', '도입', '기관']",MediaVOP
649,2023년을 부탁해 집값 더 떨어진다 앞으로 눈여겨 볼 지역은 어디 전문가가 알려주는 2023년 부동산 전망,"['경우', '조금', '정리', '정도']",한국투자증권
650,탈원전과 미세먼지 신동욱 앵커의 시선,"['미세먼지', '석탄', '원전', '의원']",뉴스TVCHOSUN
651,테마분석 이럴줄 알았다 선진국 원전 회귀 원자력 대표 관련주 top3 이것만 알아두시면 됩니다,"['영상', '기술', '관련', '대표', '종목', '원전']",믿지윤
652,2022 12 16 대학 평가 없애고 규제 풀어 자율성 확대,"['인증', '평가', '대학', '기간', '제도', '대기업']",EBS뉴스
653,이주호 부총리 취임 100일교육개혁 방향은  EBS뉴스 2023 02 15,"['교육', '정책', '추진', '학교']",EBS뉴스
654,교사채용 줄이고 학사 자율성 높여교육개혁 가속도  연합뉴스TV YonhapnewsTV,"['수급', '대학', '정책', '교육', '계획', '학생']",연합뉴스TV
655,월세 받는 집 사업자등록 의무화 주택임대소득 신고 안하면 가산세 임대사업자,"['등록', '내용', '이면', '주택', '임대']",부동산쇼
656,소득이 전혀 없어도 이런 경우 기초연금 중단에서  감액지급에서  될 수 있다  꼭 주의하셔야 합니다,"['기초', '연금', '전세', '아파트', '재산', '소유']",꿈꾸는 시니어TV
657,주택 수 포함 안되는 1억 2억 3억이하 주택 이것 모르면 큰일,"['이하', '세금', '포함', '적용', '주택']",부동산쇼
658,2023년도 최저임금으로 예상해본 요양보호사의 급여,"['어르신', '오늘', '내년', '수가']",시니어세상
659,에디터픽 5퍼센트 인상 내년 최저임금 9620원노동계 실질임금 삭감  YTN,"['기본', '안정', '생각', '임금', '노동자', '인상']",YTN
660,단독 방사청장 올해 방산 수출 지난해 2배 이상 전망150억 불 돌파 예상  YTN,"['국가', '지난해', '기록', '수출', '이상']",YTN
661,지난해 방산 수출애 173억 달러 세계 9위 증가율 세계 1위 올해 200억 달러 세계 4강 진출 내다본다,"['한미', '산업', '상황', '지금']",성창경TV
662,1인 자영업자 고용보험 지원 어디까지 가능할까 솔루션위원회 Ep56,"['교육', '온라인', '시장', '상공']",가치삽시다TV
663,더불어민주당 최고위원회의소상공인 자영업자 고통 국가의 역할 응답하라,"['국가', '해결', '국민', '상황', '일자리']",시사타파TV
664,벌써부터 시끌이럴거면 누가 사장 해 정면충돌  SBS 8뉴스,"['최저임금', '비용', '업종', '적용']",SBS 뉴스
665,이 돈을 어떻게 주라고속타는 편의점 사장님들 자막뉴스  SBS,"['노동계', '회의', '사퇴', '주휴수당']",SBS 뉴스
666,일본사람들이 한국의 최저임금을 보고 놀라는 이유,"['일본', '가치', '사람', '나라', '노동']",ぱく家(박가네)
667,주휴수당 완벽정리  꼭 기억할 2가지 ,"['수당', '조건', '계산', '근무']",최대표TV
668,전세계에서 유일하게 한국에만 있는 스타벅스 문화를 알고 있니  14F,"['커피', '한국', '사람', '가격', '스타벅스']",14F 일사에프
669,탈원전에 대해 이상한 토론중인 대한민국,"['얘기', '세상', '지금', '원전', '오늘', '필요']",간다효
670,2019 신년토론 유시민 어떻게 30년간 최저임금 줄 수 있나기업들도 품 넓혔으면,"['지금', '최저임금', '자영', '업자', '기업']",JTBC News
671,중점 최저임금 인상에 음식값 올리고 채용 줄인다  YTN,"['대책', '근로자', '인건비', '업종', '최저임금', '부담', '가격', '중소기업', '지원', '인상']",YTN
672,이슈 최저임금 1만 원 시대 열리나경영계 10620원 vs 노동계 9785원 결정 초읽기2023년 7월 18일화KBS,"['물가', '최저임금', '임금', '수준', '인상']",KBS News
673,우후죽순 수상 태양광 설비 물길 막아 환경 피해 심각 호소 20220419뉴스투데이광주MBC,"['관련', '조사', '태양광', '주민', '피해']",MBCNEWS
674,트리거 1300억 새만금 태양광 둘러싼 수상한 내막 감사 착수  JTBC 뉴스룸,"['문제', '대표', '해당', '입장', '업체', '사업']",JTBC News
675,자막뉴스 한국 핵무장 전 세계 소프트파워 파괴 강력한 경고  YTN,"['무장', '한미', '한국', '핵무기']",YTN
676,기후변화 해답 기술 혁신으로 찾을 수 있을까,"['기술', '석유', '지금', '에너지', '시대', '만약']",슈카월드
677,탈원전에 대해 이상한 토론중인 대한민국,"['얘기', '세상', '지금', '원전', '오늘', '필요']",간다효
678,자막뉴스 한국 핵무장 전 세계 소프트파워 파괴 강력한 경고  YTN,"['무장', '한미', '한국', '핵무기']",YTN
679,최근 주목받고 있는 소형 모듈 원자로 SMR 기술 우리나라의 기술력이 이 정도 원자력 23 한국원자력연구원 이창화 박사,"['지금', '저장', '정책', '보관', '사용']",안될과학 Unrealscience
680,여의도튜브 알짜까지 모두 한국제 체코폴란드 두근두근 머니투데이방송,"['원자력', '인증', '건설', '전력', '안정', '원전', '수준']",MTN 머니투데이방송
681,석유 펑펑 나는 낯선 나라 UAE가 굳이 한국 원전을 들이는 이유  한수원 명작 다시보기,"['한국', '원전', '인증', '기술']",한수원 KHNP
682,대형마트에서 꼭 사야되는 수입맥주  홈플러스 맥주 추천  명품맥덕,"['맥주', '마트', '소개', '추천']",명품맥덕KoreanCraftBeer
683,서울경제TV 수입맥주 6캔에 8000원왜 싸나 봤더니,"['세금', '수입', '가격', '맥주', '할인']",서울경제TV 포커스온
684,999원 환급 싸움소비자 분통에 백기 든 카드사  뉴스A,"['지난달', '신용카드', '카드', '결제', '포인트', '혜택']",채널A 뉴스
685,99퍼센트가 놓치는 the Green 혜택ㅣ현대카드 HOW TO,"['포인트', '카드', '결제', '이상']",현대카드
686,2년만에 단종삼성 아멕스 카드 소비자 멘붕,"['고객', '발급', '기준', '카드', '연장']",SBS Biz 뉴스
687,30년에 걸친 중국의 투자 미국이 긴장하는 이유ㅣKBS 다큐 인사이트  그린 패러독스 ㅣ 230216 KBS1 방송,"['주도', '에너지', '핵심', '중국']",KBS 다큐
688,P2P투자 PF프로젝트 파이낸싱란 무엇인가 1  피플펀드 테라펀딩 투게더 펀딩,"['부분', '시공사', '판단', '대출', '아파트', '분양']",P2P를 사랑하는 사람들
689,G7 최저 법인세율 15퍼센트글로벌 IT기업 매출 발생국에서 세금 납부 합의  YTN,"['합의', '법인', '장관', '세율', '글로벌', '과세', '이번', '기업', '국제']",YTN
690,세금상식 소득세와 법인세 계산 쌩기초  과세표준과 세율  오승민 회계사,"['세금', '금액', '지출', '계산', '수입', '소득']",오승민세금교육연구소
691,사업자 세금의 종류  원천세 종합소득세 법인세 부가가치세이원정 회계사,"['세금', '신고', '경우', '적용', '세율', '소득', '중소기업', '소득세', '사업']",경제인회계인
692,법인세 절세 7가지 방안 ft스보뱅TV,"['부분', '법인', '보험', '절세', '비용']",스보뱅TV
693,연결이연법인세,"['부분', '가능성', '경우', '자본', '자산']",나팀장의 실무회계(CPA 공인회계사)
694,대기업 vs 중견기업 vs 중소기업 2023 현실 연봉 차이,"['경우', '부장', '생각', '대기업', '중소기업', '도움', '이상']",사는데 도움되는 정보
695,세상 쉬운 거래소간 코인 옮기는 방법 암호화폐 보내는 방법,"['주소', '영상', '코인', '거래소', '확인']",코인만랩
696,빗썸 사용법 암호화폐 지갑 만들기 암호화폐 입금 출금 방법 PC 버전,"['확인', '내용', '거래', '지금']",Bithumb Official - 빗썸
697,생산량 증가로 쌀값 하락세농민들 수매가격 인상 요구 KBS 20211012,"['요구', '쌀값', '가격', '농민', '인상', '하락']",KBS충북
698,카풀 반대쌀값 인상대규모 집회 잇따라  YTN,"['기사', '국회', '택시', '오늘', '집회']",YTN
699,입국 격리 해제 중국 해외여행 증가 전망미국 일본 입국 규제방역 강화 초긴장우리 대책은  핫이슈PLAY MBC뉴스 2022년 12월 29일,"['일본', '발표', '입국', '부터', '조치', '검사', '검색', '중국']",MBCNEWS
700,전국민 대상 5월31일까지 안하면 과태료 100만원 꼭 확인하세요,"['과태료', '신고', '임대', '계약', '부과', '임대차', '정부']",돈되는 상식!
701,자취방 전입신고 불가거래 신중해야  KBS 20211231,"['조사', '전입', '신고', '보증금']",KBS News
702,전월세신고제 관련 잘못 알면 안되는 자주 물어보는 질문 4가지,"['영상', '신고', '금액', '보증금', '기준', '주택']",부동산쇼
703,국민연금 전주 리스크2년간 168조 원 벌었다  YTN,"['건물', '운용', '기금', '투자']",YTN
704,JTV 뉴스 뉴욕 멜론 은행과 국민연금공단의 전주사무소 설치 업무협약,"['은행', '글로벌', '금융', '국민연금']",김성주TV
705,국민연금은 연기대상감 탈석탄 선언 이행하라  전주MBC 230524 방송,"['발전', '국민', '투자', '국민연금', '기준', '석탄', '계획']",전주MBC News
706,내 토지에 있는 분묘 철거및 사용료청구 가능한가 총정리,"['설치', '경우', '청구', '토지', '사용']",택수의 투시경
707,추석 차례상 비용 역대 최고특별 대책 추진  KBS 20220826,"['추석', '가격', '물가', '올해']",KBS충북
708,추석 걱정하지 마세요 농산물 가격이 안정되었어요  농림축산식품부 1분뉴스 1 minute news,"['추석', '가격', '전망', '농산물']",농림축산식품부
709,140819 정오뉴스 추석 민생안정 대책 발표생필품 가격 점검중소기업 자금 공급,"['점검', '중소기업', '자금', '추석', '정부']",MBCNEWS
710,때 이른 추석 일찌감치 물가안정 박차,"['점검', '안정', '추석', '물가']",충청남도 Chungnam
711,청와대 용산 이전이 적절하다고 이종섭 발언에 경악한 설훈 이게 국가가 할 일인가 국방부 예산을 왜 대통령실 예산으로 사용하나,"['대통령', '국방부', '부분', '지금']",오마이TV
712,8월 14일  김앵커 한마디 기금운용 왜 이런가,"['기금', '운용', '국민', '국민연금']",JTBC News
713,돼지 냄새 참아라 전주에 있는 국민연금 비꼰 WSJ  뉴스A,"['기사', '기금', '운용', '국민연금']",채널A 뉴스
714,장하성 곽태선에 국민연금 본부장 지원 권유청와대 덕담 건넨 것,"['청와대', '국민연금', '실장', '대표']",뉴스TVCHOSUN
715,635조 굴리는 국민연금 기금본 인선 잡음수익률도 뚝,"['기금', '실장', '대표', '국민연금', '자리', '과정', '운용']",JTBC News
716,그린벨트 해제와 공급부족 프레임,"['규제', '재건축', '가격', '공급']",라이트하우스
717,송국건의 혼술 대권주자들 등살에 그린벨트 해제 포기선언한 사연,"['청와대', '문제', '평가', '시작']",송국건의 혼술
718,주택임대사업자 세금총정리19년 개정내용포함분리과세양도세금절세소득세금절세종부세금절세주택임대세금절세공인중개사전문부동산전문세무사세금상식세무상담절세TV세무사직강,"['등록', '최대', '소득', '사업자', '임대']",류창헌세무사와 부동산세금들
719,2023년 바뀌는 부동산 세금과 주택임대사업자 상생임대까지,"['영상', '등록', '자동', '부분', '경우', '부동산', '아파트', '사업자', '주택', '임대']",부동산쇼
720,개봉박두집권 2년차에 내놓을 세제개편안 이런 내용들이 담깁니다 양도세와 취득세 완화 그리고,"['경우', '지금', '생각', '세수', '거래']",윤창희의 생존경제_KBS
721,민주당 오현숙 영등포구의원 주택 116채 보유  뉴스A 라이브,"['기초', '주택', '의원', '신고']",채널A 뉴스
722,자막뉴스 1주택 보유 기준 강조했던 민주당4분의 1은 다주택자  KBS뉴스News,"['민주당', '재산', '주택', '이상']",KBS News
723,은산분리 완화는 곧 일자리 창출 문 대통령 인터넷전문은행 규제혁신 현장 ft박원순 시장,"['전문', '기술', '산업', '혁신']",KTV 국민방송
724,금산분리 규제 완화가 시장에 미칠 영향은 f 인포스탁데일리 김종효 전문위원 마켓 인사이드,"['종목', '수급', '다음', '위원']",삼프로TV_경제의신과함께
725,은행 먹거리 푼다금산분리 개선안 내년 초 확정  YTN,"['금융', '사업', '규제', '허가']",YTN
726,만원 내고 800만원 받는 자영업자 실업급여 신청자격 방법,"['지원', '업자', '단계', '자영']",내편TV
727,2020 자영업자 실업급여  신청방법  대상  실업급여액  1인 소상공인 보험료 지원  월 9360원 보험료 내고 최대 870만원 받기,"['고용', '경우', '보험', '보험료', '실업', '신청', '급여']",정책생활반장
728,매월 169만원씩 최대 1200만원 주는 자영업자 실업급여 꼭 가입하세요지급액 신청방법 자격조건 등,"['고용', '영상', '관계', '경우', '상황', '보험', '실업', '오늘', '급여', '사업']",버미쌤
729,빅데이터 통계와 표본조사 개념 간단하게 정리하자,"['문제', '다음', '결과', '조사', '표본', '평균', '학생']",Datarian
730,표본추출방법,"['대표', '단점', '조사', '표본', '방법']",NEW consulting 내일컨설팅(주)
731,사회조사분석사 2차 실기  필답형 기출문제 풀이,"['한번', '미만', '작성', '응답', '그다음', '이상']",통계는에이스
732,정기예금 이렇게 하면 건강보험료 걱정 없습니다,"['예금', '계좌', '어르신', '상품', '이자', '활용', '소득', '과세', '혜택']",정보 강박사
733,보험 하나도 없을 때 이런 방법이 있습니다 feat국민건강보험 의료비 지원 이야기,"['나라', '건강', '국민', '보험', '생각', '우리나라', '제도', '지원', '복지', '재정', '의료']",보험이모
734,외국인들이 부러워하는 한국의 의료 시스템 크으bb 77억의 사랑77love 7회,"['일본', '지금', '한국', '사람', '검사']",JTBC Entertainment
735,한방이슈 아프면 한국이 가성비 갑 외국인 건강보험 무임승차 막는다  YTN,"['비판', '입국', '보험', '외국인', '국내']",YTN
736,전세 안전판 전입신고확정일자 모두 뚫렸다 9시 뉴스  KBS 20230308,"['위조', '오피스텔', '전세', '보증금', '전입', '임대']",KBS News
737,ET 믿고 거래했다가 집 날렸습니다등기부등본을 믿지 마세요  KBS 20221121,"['보험', '권리', '확인', '전세']",KBS News
738,서민의 든든한 동반자 은행의 배신  전반부  PD수첩 2023년3월28일 방송,"['예금', '은행', '대출', '금리', '상품', '이자', '입장']",MBC PD수첩
739,소득이없어도 된다고 은행원이 알려주는 HUG안심전세대출 진실들,"['은행', '대출', '개인', '신용등급', '정도']",황금언니 금융스터디
740,2023년 바뀐 디딤돌대출 쉽게 설명했어요 영상보고 저금리상품으로 집사세요 영상중에 신혼부부생초 2자녀 소득 7천만원까지가 해당입니다 7천넘으면 안됩니다 ,"['경우', '대출', '이용', '조건']",레오대출연구소
741,전세월세 받은 금액을 소득세 신고해야 하는지 판정기준 주택임대소득,"['신고', '월세', '소득', '과세', '대상', '소득세', '주택', '임대']",부동산쇼
742,전세자금대출 받는 6가지 방법 feat 8년차 공인중개사,"['사이트', '은행', '대출', '이용', '통화', '정도']",부디가드
743,NBS 이슈 현장속으로 25회  스마트팜 혁신밸리 빛과 그림자,"['농산물', '생각', '반대', '농민']",NBS이슈현장속으로
744,검침자료 한방에 입력하기Xperp,"['용량', '저장', '확인', '작업', '이상']",Moon's아파트관리실무
745,아파트 전기 수도 난방 온수 검침,"['세대', '용량', '사용', '구독']",판도라경리실무
746,아파트 전기 계약 방식 및 전기요금 업무 처리,"['자동', '전기', '계산', '요금', '용량', '참고', '이번']",전아모아카데미
747,자막뉴스 배터리 충전 50분 뒤 갑자기 폭발한 전기차충격  YTN,"['주변', '폭발', '차량', '배터리', '이상']",YTN
748,에어컨 전기요금 폭탄 피하는 법 한전 여름 누진구간 요금제 언제부터 얼마 할인받나,"['경우', '전기', '요금', '아파트', '사용']",내편TV
749,이 힘든시국에 돈 아껴드릴게요 꼭 보세요 한전 계약전력의 방식과 오해,"['전력', '계약', '오늘', '사용']",폴라베어 전실장
750,전기 요금을 절약하는 세 가지 꿀팁  전기사랑기자단 8기,"['마일리지', '제품', '전기', '사업', '사용']",한국전력 KEPCO
751,주휴수당 요건 계산방법  놓치지 말고 꼼꼼히 챙기세요,"['문제', '시간', '수당', '월급', '노동자']",왕노무사TV [노동법알려Dream]
752,건설일용직 일당직 퇴직금 주휴수당청구 일당15만원에 퇴직금포함 퇴직금청구할수 있나요,"['수가', '처벌', '수당', '청구', '얼마']",백노무사
753,주휴일과 주휴수당 총정리  주휴수당 계산 방법과 댓글 상담,"['질문', '근무', '미만', '근로', '주휴수당', '하루', '발생']",SUN노무사랑
754,하루일당 계산법 기본급 연장수당 야간수당 각각 계산,"['포함', '시간', '계산', '근로', '야간', '연장']",백노무사
755,늦어진 국내 출시 낮아진 실 구매가 아우디 2세대 A5 국내 공개 현장,"['부분', '출시', '경우', '브랜드', '할인']",글로벌오토뉴스 Global Auto News
756,아우디 30퍼센트 선납후 리스로 구매하세요 카247,"['경우', '프로그램', '부담', '기간', '가격', '구매', '차량', '모델']",카24/7
757,문재인 대통령 원전 가동상황 터무니없이 왜곡왜 따져보니,"['전력', '계획', '원전', '가동']",뉴스TVCHOSUN
758,자포리자 원전 전력 끊기며 아찔바이든 원전 반환 촉구  YTN,"['러시아', '원전', '전력', '우크라이나']",YTN
759,5부 최저임금 국가 APT 원가 판매로 해결해야  노인 파산 국가 20210714 정치분석,"['노인', '한국', '사람', '비율']",황장수의 뉴스브리핑o
760,현재 시간당 청구 비용이 가장 높은 국가 Top 10,"['최저임금', '시간', '근로자', '적용']",지식스쿨
761,최강시사 김기식 국가가 개인 재산권 제한했으면 최저임금 수준 생계비라도 지급해야KBS 210121 방송,"['지금', '자영', '임차', '업자', '말씀', '임대']",KBS 1라디오
762,은행 가지 마세요 쉽고 빨라진 해외송금,"['은행', '중국', '서비스', '해외']",서울경제TV 포커스온
763,해외 결제 3대장 트래블월렛 토스뱅크 카드 비바 X 체크카드 현지에서 직접 써봤습니다 ㅣ 짠코노미,"['해외', '카드', '결제', '기능', '오늘']",한경 코리아마켓
764,환율우대 100퍼센트로 해외여행가기 환전 vs 카드,"['충전', '해외', '환율', '카드', '이용', '수수료']","금융큐레이터, 지니CFP"
765,그만 뜯어가라 카드 단말기 내동댕이친 동네마트 주인들  JTBC 뉴스룸,"['금융', '카드', '가맹', '수수료']",JTBC News
766,공무원 인기 시들 경쟁률 퇴직  KBS 20220913,"['문화', '업무', '공무원', '조직']",KBS News
767,본사만 배불리는 편의점 옆 편의점근접출점 규제 논란,"['편의점', '거리', '브랜드', '정부']",뉴스TVCHOSUN
768,편의점 자율규약 무색근접 출점에 점주 거리로,"['편의점', '담배', '측정', '거리', '가맹']",서울경제TV 포커스온
769,한해 소득으로 빚도 못 갚는 나라1위2위3위 차지한 한국 와이즈픽  YTN,"['대출', '가계부채', '안정', '뉴스', '입장', '수익']",YTN
770,경제기사 읽기 45 가계부채와 소득주도성장,"['증가', '성장', '소비', '입장', '소득', '임금', '기업', '주도']",경제 TV 너무경 : 너무 쉬운 경제
771,수업맛보기6학년 사회 1학기 2단원 2차시 가계와 기업이 하는 일 알아보기,"['생산', '소비', '가게', '소득', '활동', '기업', '가족', '제공']",아꿈선 초등3분과학
772,주담대 금리 어디까지 오를까영끌족 부담 막막  KBS 20220531,"['담보', '대출', '금리', '포인트', '주택']",KBS News
773,더뉴스 부동산값 고점 올라탄 영끌족 이자 폭탄 부담  YTN,"['금리', '부동산', '부담', '수준', '인상']",YTN
774,경제읽기 기준금리 175퍼센트 이자 부담 가중부동산 시장 찬바람  연합뉴스TV YonhapnewsTV,"['입장', '임금', '제도', '청년']",연합뉴스TV
775,단독 감사원 문 정부 소득고용 통계 왜곡 수사 요청 방침 MBN 뉴스센터,"['고용', '감사', '조사', '소득', '수사', '통계', '정부']",MBN News
776, 국회서 통계청장 경질  맹공고용소득 지표 부진 국민들께 송구,"['고용', '통계청', '실장', '최저임금', '정책', '소득', '통계']",SBS Biz 뉴스
777,근로장려금 330만원 이런 사람 이제부터 못받습니다 근로장려금 자녀장려금,"['조건', '근로장려금', '대한민국', '오늘', '신청']",내편TV
778,이러면 못 받는다 2022년 새로 바뀐 근로장려금 신청자격 신청방법 소득요건 재산요건 신청기간 지급일 등,"['근로장려금', '신고', '기준', '소득', '지난해', '신청', '확정']",내편TV
779, 2022 최신판 근로장려금 신청 조건 소득별 예상 금액 근로장려금 많이 받는 방법,"['자녀', '소득', '오늘', '신청', '만약']",따복
780,용인 반도체 고속도로 분석 및 배후신도시 유력 후보 지역 용인E06,"['반도체', '주변', '확장', '도시', '지역', '개발', '신도시']",땅웨이
781,구로 구로구청장선거 후보 확정정보통신vs도시계획 전문가,"['전문가', '갈등', '재건축', '후보', '재개발', '계획']",딜티 : 딜라이브TV
782,벌써부터 시끌이럴거면 누가 사장 해 정면충돌  SBS 8뉴스,"['최저임금', '비용', '업종', '적용']",SBS 뉴스
783,에디터픽 한국 자영업자들이 무너진다흔들리는 마지막 보루  YTN,"['영업', '부분', '경쟁', '지금']",YTN
784,월급 빼고 안 오른게 없어요 자영업자 다 죽어차등적용 뉴스zipMBC뉴스,"['추천', '위원', '최저임금', '위원회', '정부']",MBCNEWS
785,내년 최저임금 25퍼센트 인상업종별 차등지급 논쟁이 복병  YTN,"['예상', '적용', '업종', '최저임금', '최근', '노동계', '올해', '인상']",YTN
786,취업자 증가 22개월 최소늘어난 취업 97퍼센트가 60대 이상,"['고용', '증가', '취업', '감소']",뉴스TVCHOSUN
787,보육교사 일자리 증가 보육교사 자격증 저라면 지금 땁니다,"['교사', '영상', '링크', '취득', '과정', '상담']",가치있는 시간 l 가시TV
788,작년 일자리 7년 만에 최대폭 증가체감은 글쎄  연합뉴스TV YonhapnewsTV,"['취업', '청년', '통계', '일자리']",연합뉴스TV
789,일자리 71만개 증가78퍼센트 5060에 편중,"['이상', '증가', '지난해', '일자리']",뉴스토마토
790,기저효과재정 일자리에 취업자 또 100만명대 증가,"['증가', '취업', '지난해', '일자리']",한국직업방송
791,2가지 마음가짐이 바꾼 인생 김동연 경기도지사 KnouTube  교양  아주대학교  경제부총리  도전 청계천 판자촌,"['문제', '모습', '사람', '처럼']",방송대 지식+
792,속보 민주당 경기지사 후보에 김동연 전 경제부총리  연합뉴스TV YonhapnewsTV,"['후보', '민주당', '조금', '확정', '경기']",연합뉴스TV
793,사실확인 대학축제 주점에서 술 판 대학생 처벌받나,"['학교', '주류', '대학', '처벌', '학생']",MBN News
794,TEPS TOEIC TOEFL 영어 시험 3대장 비교,"['준비', '영어', '생각', '시험']",이면서다
795,텝스 독학 가이드 AZ  TEPS 시험 유형부터 점수대별 공부법 총정리  무료자료 링크 모음,"['공부', '무료', '시험', '그다음', '점수']","텝스의 정석, 컨설텝스"
796,유학경험 없는 토종 한국인 구 텝스 961점 그정도면 영어가 편해질까 부제 TEPS 성적표 인증과 바닥나는 밑천,"['영어', '한국', '얘기', '생각']",이면서다
797,정신과 기록이 있으면 보험 가입이 안 되나요 보험X파일,"['이유', '차별', '보험', '진료', '기록']",한화생명
798,임대사업자가 보증보험 가입 안해도 되는 4가지 경우 임차인 동의서는 어디서 ,"['금액', '경우', '보증금', '임차', '보증', '임대']",부동산쇼
799,현재 한국인 사라진 일본에 중국관광객이 오자 충격받은 상황 가는곳마다 초토화 이정도일줄 몰랐다며 비명,"['국가', '일본', '중국', '관광객']",쓸모왕
800,나의 업무성과를 효과적으로 전달하는 성과보고서 작성 방법 핵심구조 설명,"['목표', '판단', '결과', '보고서', '활동', '조직']",직무분석 컨설팅센터 공식채널
801,반도체공장 보고서에 국가핵심기술한숨 돌린 삼성  연합뉴스TV YonhapnewsTV,"['반도체', '기술', '공개', '핵심', '삼성', '환경', '측정', '신청', '보고서', '전자', '위원회', '산업', '작업', '공정']",연합뉴스TV
802,외교관인가 브로커인가  보고서  외교관 해외 주요 기술 탈취에 지대한 역할,"['기술', '해외', '기업', '활동', '중국']",NTD Korea
803,다신신도시 실버택배로 절충했지만 세금 지원 논란,"['세금', '문제', '주민', '해결', '국민', '아파트', '비용', '인력', '택배']",MBN News
804,쿠키영상 다산 신도시 실버택배 반대  국민청원 24만 명 동의정말 다산스럽다,"['반대', '관리', '아파트', '비용', '주민', '택배', '신도시']",K닥터 by 쿠키건강TV
805,이런 분들 주택임대사업자로 임대주택 등록하면 위험합니다낭패 봐요 부동산 재테크,"['세금', '등록', '사업자', '혜택', '주택', '임대']",부동산쇼
806,내 주변 임대아파트 이렇게 찾아보세요 쉽게 입주하는 방법,"['임대주택', '지역', '공고', '확인', '신청', '검색', '계획', '방법']",임대알리미 TV
807,너무쉬운 금융용어 경제용어 14 공매도  무한대의 손해를 볼 수도 ,"['주주', '예상', '주식', '사람', '가격', '오늘', '하락', '공매도']",경제 TV 너무경 : 너무 쉬운 경제
808,공매도 완전 쉽게 설명 공매도란 무엇인가 한시적 공매도 금지 무차입공매도란,"['매도', '주식', '주문', '사람', '공매도']",크리스탈TV
809,공매도에 휘둘리지 않고 올바르게 투자하는 방법 서재형 공식채널,"['동안', '아침', '사고', '공매도']",서재형의 투자교실
810,신협 직원이 13억 은행수익금 횡령해 주식 투자  KBS 20210828,"['직원', '통장', '횡령', '수수료']",KBS News
811,170417 뉴스투데이  북한 여행상품 판매 중단압박 수위 높이나,"['북한', '대북', '중단', '중국']",MBCNEWS
812,자막뉴스 그냥 줄도산입니다 지금 진짜 심각하다는 택시 상황  KBS 20230424,"['업계', '요금', '택시', '부산', '응답', '인상']",KBS News
813,이 돈을 어떻게 주라고속타는 편의점 사장님들 자막뉴스  SBS,"['노동계', '회의', '사퇴', '주휴수당']",SBS 뉴스
814,일본사람들이 한국의 최저임금을 보고 놀라는 이유,"['일본', '가치', '사람', '나라', '노동']",ぱく家(박가네)
815,최저임금 사실상 내려민주노총 대규모 도심 집회  JTBC 뉴스룸,"['민주', '집회', '노총', '정부']",JTBC News
816,대기업 vs 중견기업 vs 중소기업 연봉 5분 완벽정리,"['기업', '비교', '생각', '대기업']",JOB썰 잡썰
817,최대 4억 무이자대출에서 191퍼센트 정부지원 29가지 총집합 초저금리 대출 방법 알려드립니다,"['상공', '창업', '금리', '대출', '지원', '대상', '다음']",복지마블TV [Welfare Marble]
818,정부지원 대출 무이자 0퍼센트대출 4가지  저금리 대출 찾는 방법,"['이하', '대출', '금리', '상환', '금융', '제도', '신청', '검색', '주택']",복지마블TV [Welfare Marble]
819,1퍼센트대 2천만원 대출 마감되기전 신청하세요 정부지원대출 신청자 몰리고 있어요 생활안정자금,"['자녀', '생활', '근로', '상환', '부터', '신청']",알면 도움되는 제도
820,햇살론 재직확인전화 없이 받을 수 있는 조건은 대박남,"['경우', '보험', '회사', '확인']",대박남
821,더뉴스 합계출산율 07명대또 세계 꼴찌 정부 대책은  YTN,"['출생', '출산율', '합계', '우리나라', '위원회', '정부']",YTN
822,2년 연속 인구 감소올해 합계출산율 07명대 전망  YTN,"['감소', '출산율', '여성', '합계', '지난해', '인구', '이상']",YTN
823,지난해 출생아 25만 명 깨져합계출산율 OECD 최저  YTN,"['합계', '출생', '출산율', '지난해']",YTN
824,정 총리 담배술 가격 인상 추진 사실 아니다급히 진화  YTN,"['총리', '건강', '국민', '가격', '인상', '정부', '추진']",YTN
825,담배 1갑 가격이 가장 비싼 국가 vs 가장 싼 국가 Top 10,"['세금', '담배', '세계', '국가', '수입', '여성', '흡연', '이상']",지식스쿨
826,한 갑에 8000원으로담뱃값 인상 검토에 벌써부터 사재기  JTBC 뉴스ON,"['생각', '사람', '담배', '흡연']",JTBC News
827,정부지원 초고금리 저축상품 10가지 저소득층 청년 중소기업근로자 꼭 보세요,"['청년', '소득', '저축', '원금']",복지마블TV [Welfare Marble]
828,5월 1일부터 신청하는 5가지 직장인 청년 저소득층 자영업자 프리랜서 등,"['가구', '미만', '지급', '소득', '신청', '청년', '인천']",복지마블TV [Welfare Marble]
829,철강회사 관심있는사람 필수 국내 철강산업 구조 제품 회사 짧은 정리,"['철강', '포스코', '회사', '현대', '산업']",스댕왕 철대리
830,철강산업의 모든 것 현대스틸 현대제철동국제강한국제강 철강업포스코 철강주 전망,"['철강', '중국', '가격', '글로벌', '기업']",등용문투자연구소
831, 다음 목표는 한국 철강수입 규제 총동원  YTN,"['철강', '포함', '확장', '트럼프', '경우', '제품', '대통령', '무역']",YTN
832,알고살자 국민연금 국민연금 많이 받는 법 알려드리겠습니다,"['연금', '국가', '국민연금', '보험료', '제도', '지원']",알고살자
833,윤석열 정부에서 기초연금을 만 65세 이상 전국민에게 지급해야 하는 3가지 이유 대한민국에서 열심히 저축하고 연금 가입하면 기초연금 못 받습니다2022년 기초연금 수급대상,"['기초', '연금', '어르신', '설명', '소득', '오늘', '수당', '복지']",행복한 인생 2막
834,국민연금 100만원 이상 수급자 몇 명이나 될까,"['주택', '생각', '방법', '소득']",콕알 TV _은퇴해법&동기부여
835,다주택 무소득도 이렇게 대출 다에서  됩니다 대출규제 모에서 두 풀렸어요,"['세금', '공부', '소득', '오늘', '내용']",월세모닝콜TV - 소액경매
836,재벌 공익재단 전수조사자발적 개혁 의지 의구심  YTN,"['재단', '공익', '위원장', '조사', '대기업', '경영']",YTN
837,재벌 공익재단 전수조사개혁 의지에 의구심  YTN,"['재단', '공익', '수익', '재벌']",YTN
838,김영록 의원 질의동작구 대림아파트 증여문제유일호 부총리겸 기획재정부장관 후보자국회 인사청문회,"['장관', '문제', '후보자', '지금']",Alison Forsyth
839,2주 만에 찾은 차명계좌25년간 알고도 모른 척 뉴스데스크,"['차명계좌', '회장', '과징금', '금융']",MBCNEWS
840,편의점 법인 로또판매권 20년 만에 회수취약계층에 배분  머니투데이방송 뉴스,"['편의점', '법인', '판매', '로또']",MTN 머니투데이방송
841,집행유예 받고 법원 앞에서 기자들과 친목회 여는 최민수ㅎㄷㄷ  비디오머그,"['생각', '얘기', '사람', '상황']",비디오머그 - VIDEOMUG
842,노르웨이 수소충전소 폭발주변 차 에어백까지 터져  KBS뉴스News,"['충전', '탱크', '중단', '폭발', '수소']",KBS News
843,수소자동차는 정말 안전할까,"['영상', '폭발', '수소', '이야기']",데드형
844,핫클립 수소는 위험한 것일까  YTN 사이언스,"['충전', '안전', '관리', '기준', '수소']",YTN 사이언스
845,블랙베리 키투Key2 출시 뉴욕 현지 최초 리뷰 BlackBerry KEY2,"['경우', '충전', '상황', '지금']",전자신문 etnews
846, 대북제재 위반자 첫 현상수배최대 71억 원 지급  YTN,"['제재', '석유', '지급', '운송', '북한', '현상']",YTN
847, 대북제재 합의  정권 충격은  YTN,"['문제', '생활', '지금', '생각', '북한']",YTN
848,지도에서 사라지는 북한 배 고립 현실화  YTN,"['제재', '최근', '위치', '정보', '북한']",YTN
849, 선박이  선박에서 정유제품 환적한 후 북한으로 운송  YTN,"['북한', '제품', '제재', '대북']",YTN
850,오늘 이 뉴스 32억 강남 아파트가 5억에 거래 이거 뭐야 대체 무슨 일이 20230216MBC뉴스,"['아파트', '부동산', '가격', '거래']",MBCNEWS
851,선포기도 10편취업직장자영업자를 위한 기도소상공인을 위한 기도선포기도문,"['사업', '자녀', '이름', '하나님']",RaphaSound라파사운드
852,소상공인 새희망일자리 2차 재난지원금 추석 전 지급 가이드라인 세부사항 지원방법 지원대상 신청방법,"['신청', '소리', '대상', '공인', '방법']",인생뷰티풀 옆집아저씨
853,소상공인 수입 지난해 절반 줄었다87만 명 일자리 잃어  YTN,"['영업', '공인', '코로나', '이익']",YTN
854,내년 최저임금 25퍼센트 인상업종별 차등지급 논쟁이 복병  YTN,"['예상', '적용', '업종', '최저임금', '최근', '노동계', '올해', '인상']",YTN
855,최저임금 5퍼센트 인상 9620원 노사 모두 불만 20220630뉴스데스크MBC,"['최저임금', '결정', '인상', '위원']",MBCNEWS
856,채굴기 1주일간 돌려봤습니다 과연 그 수익은,"['채굴', '영상', '수익', '정도']",테크베어Tech Bear
857,단독 가상화폐 안 들킬 줄 제 꾀에 넘어간 사기범  YTN,"['직원', '가상', '경우', '거래소', '화폐', '사기', '거래']",YTN
858,일본 오가며 가상화폐 환치기김프로 얻은 시세 차익이 무려  KBS 20210707,"['일본', '서울', '가상', '해외', '화폐', '거래', '불법', '국내']",KBS News
859,소상공인회장 정부 조사 극히 이례적중기부 장관 책임져야,"['공인', '부분', '생각', '지금']",뉴스TVCHOSUN
860,서민의 든든한 동반자 은행의 배신  전반부  PD수첩 2023년3월28일 방송,"['예금', '은행', '대출', '금리', '상품', '이자', '입장']",MBC PD수첩
861,내 돈이 위험하다 이런 은행 파산할 수 있어요 당장 돈 빼세요 곧 망할 은행 알려드릴게요 김경필 돈쭐남 은행파산,"['은행', '확인', '경영', '자산', '비율']",부티플 - 부의 배수를 높여라
862,은행 파산 때 예금 5천만원 보호분산 가입해야 하는 이유  JTBC 상암동 클라스,"['예금', '은행', '보호', '상황', '최대']",JTBC News
863,존폐기로 중소 가상화폐거래소은행 실명계좌 발급 난항  머니투데이방송 뉴스,"['계좌', '은행', '발급', '거래소', '거래', '자금', '실명']",MTN 머니투데이방송
864,단독 이건희 차명계좌 과징금 부과해야 첫 권고  SBS,"['삼성', '회장', '금융', '과징금', '특검', '부과', '혁신', '위원회']",SBS 뉴스
865,이건희 차명자산 2천억 원인데 과징금은 30억 왜 뉴스데스크,"['삼성', '차명계좌', '회장', '과징금', '부과', '거래']",MBCNEWS
866,2주 만에 찾은 차명계좌25년간 알고도 모른 척 뉴스데스크,"['차명계좌', '회장', '과징금', '금융']",MBCNEWS
867,에디터픽 1년 내 경기침체 흔들리는 미국한국 경제 대위기  YTN,"['예상', '물가', '성장', '금리', '경기']",YTN
868,에디터픽 투자 귀재 버핏 폭탄발언미국 경제 초토화 상황  YTN,"['문제', '한국은행', '환율', '걱정', '이면']",YTN
869,강신우의 닥치Go추운곳서 궐련형 전자담배 작동시켜보니,"['한번', '충전', '버튼', '아이']",하우쓱
870,이슈분석  법인세율 OECD 평균 추월기업경쟁력에 치명타,"['개선', '해외', '투자', '생각', '글로벌', '우리나라', '기업', '국내']",SBS Biz 뉴스
871,짐승의 표를 위한 도구들 가상화폐 백신 유엔어젠다 디지털 아이디CBDC등,"['진행', '부터', '지금', '화폐', '하나님']",성경바로알기 TV
872,가상자산 산업 대선 아젠다 이게뭐죠,"['가상', '대한민국', '경쟁력', '시대', '자산', '산업']",Global A
873,자막뉴스 나랏빚 이 정도일 줄이야바닥 난 한국  YTN,"['적자', '점검', '하반기', '정부']",YTN
874,올 재정적자 벌써 30조엎친데 덮친 예타 무력화  YTN,"['도입', '국회', '생각', '우려', '사업', '재정']",YTN
875,일본의 국가부채 계속되는 재정적자에도 일본이 붕괴하지 않는 이유는 무엇일까 7분 순삭,"['일본', '예금', '국민', '투자', '채권', '국채', '자산', '정부']",지식부장관
876,나라 살림 적자 117조 사상 최대나라 빚 첫 1000조 넘어  YTN,"['건전성', '지난해', '나라', '적자', '재정', '국가채무']",YTN
877,한국 매출 세금 구글페이스북의 모르쇠 권법  비디오머그,"['구글', '기업', '매출', '신고']",비디오머그 - VIDEOMUG
878,만만찮을 조세회피국 후폭풍10년 전에도 기업 타격,"['문제', '이유', '한국', '기업', '수출', '정부']",JTBC News
879,한국 지하경제 162조조세회피 55조 추정  YTN Yes Top News,"['규모', '분석', '우리나라', '비율']",YTN
880,역대 최대 조세회피자료푸틴메시노재헌도 포함됐다  YTN,"['대통령', '영국', '확인', '세계']",YTN
881,종교인과세는 교회를 핍박하기 위한 것이었다이정훈 교수,"['통제', '국가', '시민', '사회', '중심']",GMW연합
882,슈카의 THE MASTER ㅣ 암호화폐 제대로 이해하는 법 고란 기자,"['오늘', '자산', '비트코인', '투자']",LIFEPLUS
883,경제대기권 미국서 만들어도 보조금 제외높아지는 장벽 9시 뉴스  KBS 20230415,"['반도체', '문제', '업체', '보조금', '우리나라', '대상', '중국']",KBS News
884,국경 장벽 놓고 미국멕시코 정면 충돌  YTN Yes Top News,"['대통령', '비용', '취소', '트럼프']",YTN
885,LG 가전명가 자존심 지켰다월풀 꺾고 세계 1위한국경제TV뉴스,"['효과', '비용', '올해', '전자', '사업']",한국경제TV뉴스
886,애드센스 미국 세금 정보 추가하기 절차 필수,"['등록', '해당', '부과', '서비스', '수익']",스노우팝콘
887,앵커리포트 IT 공룡 네이버구글 뜬금없는 공방도대체 무슨 일,"['검색', '비판', '구글', '뉴스']",KBS News
888,6년 만의 금융노조 총파업은행 창구 혼란은 없었다  연합뉴스TV YonhapnewsTV,"['노조', '참여', '은행', '금융', '파업', '업무']",연합뉴스TV
889,판례해석9798 고용 승계 근로자 산정과 고용 증대 기업 세액공제의 적용,"['주식', '평가', '자본', '가치', '자산']",아이파비즈 TV
890,3개월만에 신용등급 8등급에서 1등급으로 빠르게 올리는 방법 신용등급 관리 방법 ㅣ대출지니어스,"['영상', '대출', '신용등급', '준비', '방법']",알려줘! 금융
891,2020 바뀌는 신용등급제도ㅣ금융거래 꿀팁 ㅣ재테크ㅣ댈님,"['영상', '경우', '평가', '신용', '금융', '조금', '제공', '점수']",댈님의 생활 속 금융이야기
892,우리 동네는 안 돼특수학교 님비 여전  YTN,"['반대', '학교', '설립', '특수', '주민']",YTN
893,TJB뉴스대전 특수학교 과밀화교사학생 고통,"['교사', '수가', '학교', '특수', '학생']",TJB NEWS
894,뉴스데스크SOC예산 축소신 호남 홀대VS이간질 중단,"['정부', '호남', '지역', '예산']",광주MBC뉴스
895,호남 홀대론 기싸움민주국민의당 노림수는  YTN,"['호남', '민주당', '지역', '예산']",YTN
896,축산물가공공장 창업 사업계획서 작성법,"['분석', '예상', '제품', '생산', '관리', '시장', '가공', '작성']",sit plan
897,돼지열병 돼지고기 가공식품에도 불똥 튀나  연합뉴스TV YonhapnewsTV,"['가공', '가격', '식품', '아프리카']",연합뉴스TV
898,돼지열병 돼지고기 가공식품에도 불똥 튀나  연합뉴스TV YonhapnewsTV,"['가공', '가격', '식품', '아프리카']",연합뉴스TV
899,3편 고용보험 이직확인서 작성방법임금계산기간총일수임금내역통상임금,"['금액', '계산', '근로', '지급', '기간', '수당', '임금', '작성', '다음']",근로복지공단
900,퇴직금 계산법 지급기준  퇴직금계산기 사용방법 일할계산 상여금,"['영상', '계산', '임금', '방법']",왕노무사TV [노동법알려Dream]
